name,1971,1974,1975,1976,1977,1978,1979,1980,1981,1982,1983,1984,1985,1986,1987,1988,1989,1990,1991,1992,1993,1994,1995,1996,1997,1998,1999,2000,2001,2002,2003,2004,2005,2006,2007,2008,2009,2010,2011,2012,2013,2014,2015,2016,2017,2018,2019,2020,2021,2022,2023
Mariano Michelon,0.0,0.0,0.0,0.0,0.0,0.0,0.0,0.0,0.0,0.0,0.0,0.0,0.0,0.0,0.0,0.0,0.0,0.0,0.0,0.0,0.0,0.0,0.0,0.0,0.0,0.0,0.0,0.0,0.0,0.0,0.0,0.0,0.0,0.0,0.0,1.0,0.0,2.0,0.0,2.0,1.0,1.0,3.0,4.0,3.0,2.0,2.0,3.0,6.0,3.0,0.0
Williame Farias Ribeiro,0.0,0.0,0.0,0.0,0.0,0.0,0.0,0.0,0.0,0.0,0.0,0.0,0.0,0.0,0.0,0.0,0.0,0.0,0.0,0.0,0.0,0.0,0.0,0.0,0.0,0.0,0.0,0.0,0.0,0.0,0.0,0.0,0.0,0.0,0.0,0.0,0.0,0.0,1.0,0.0,2.0,1.0,2.0,2.0,3.0,1.0,0.0,0.0,0.0,0.0,0.0
Gilberto Januario,0.0,0.0,0.0,0.0,0.0,0.0,0.0,0.0,0.0,0.0,0.0,0.0,0.0,0.0,0.0,0.0,0.0,0.0,0.0,0.0,0.0,0.0,0.0,0.0,0.0,0.0,0.0,0.0,0.0,0.0,0.0,0.0,0.0,0.0,0.0,0.0,0.0,1.0,2.0,2.0,1.0,2.0,0.0,2.0,5.0,5.0,2.0,3.0,3.0,2.0,0.0
Agnaldo José Lopes,0.0,0.0,0.0,0.0,0.0,0.0,0.0,0.0,0.0,0.0,0.0,0.0,0.0,0.0,0.0,0.0,0.0,0.0,0.0,0.0,0.0,0.0,0.0,0.0,0.0,1.0,2.0,0.0,2.0,9.0,9.0,6.0,13.0,22.0,6.0,11.0,13.0,10.0,12.0,9.0,23.0,17.0,20.0,20.0,16.0,28.0,21.0,13.0,28.0,15.0,0.0
Antenora Maria da Mata Siqueira,0.0,0.0,0.0,0.0,0.0,0.0,0.0,0.0,0.0,0.0,0.0,0.0,0.0,0.0,0.0,0.0,0.0,0.0,0.0,0.0,0.0,0.0,0.0,0.0,0.0,0.0,0.0,0.0,0.0,0.0,0.0,0.0,0.0,0.0,0.0,0.0,0.0,0.0,0.0,0.0,0.0,1.0,3.0,2.0,1.0,0.0,0.0,1.0,2.0,0.0,0.0
André Alves Portela Santos,0.0,0.0,0.0,0.0,0.0,0.0,0.0,0.0,0.0,0.0,0.0,0.0,0.0,0.0,0.0,0.0,0.0,0.0,0.0,0.0,0.0,0.0,0.0,0.0,0.0,0.0,0.0,0.0,0.0,0.0,1.0,1.0,1.0,0.0,1.0,1.0,0.0,3.0,0.0,6.0,8.0,3.0,7.0,7.0,4.0,4.0,2.0,2.0,1.0,1.0,0.0
Anselmo Cardoso de Paiva,0.0,0.0,0.0,0.0,0.0,0.0,0.0,0.0,0.0,0.0,0.0,0.0,0.0,0.0,0.0,0.0,0.0,0.0,0.0,0.0,0.0,0.0,0.0,0.0,0.0,0.0,0.0,0.0,0.0,0.0,0.0,0.0,0.0,0.0,0.0,3.0,3.0,4.0,1.0,4.0,5.0,7.0,7.0,8.0,11.0,12.0,6.0,16.0,10.0,7.0,0.0
Ana Maria Jansen Franken,2.0,0.0,1.0,0.0,0.0,0.0,0.0,0.0,1.0,0.0,0.0,3.0,1.0,2.0,0.0,3.0,0.0,1.0,2.0,0.0,0.0,2.0,1.0,1.0,3.0,2.0,6.0,4.0,2.0,3.0,8.0,5.0,5.0,4.0,10.0,8.0,7.0,5.0,6.0,4.0,4.0,8.0,8.0,4.0,5.0,5.0,8.0,7.0,3.0,2.0,0.0
Roberta Lane de Oliveira Silva,0.0,0.0,0.0,0.0,0.0,0.0,0.0,0.0,0.0,0.0,0.0,0.0,0.0,0.0,0.0,0.0,0.0,0.0,0.0,0.0,0.0,0.0,0.0,0.0,0.0,0.0,0.0,0.0,0.0,0.0,0.0,0.0,0.0,2.0,0.0,0.0,1.0,0.0,0.0,2.0,4.0,1.0,0.0,0.0,4.0,2.0,2.0,4.0,4.0,2.0,0.0
Niels Olsen Saraiva Câmara,0.0,0.0,0.0,0.0,0.0,0.0,0.0,0.0,0.0,0.0,0.0,0.0,0.0,0.0,0.0,0.0,0.0,0.0,0.0,0.0,0.0,0.0,0.0,0.0,0.0,2.0,0.0,2.0,4.0,3.0,2.0,5.0,7.0,13.0,13.0,13.0,24.0,13.0,15.0,22.0,14.0,26.0,23.0,30.0,29.0,25.0,22.0,23.0,36.0,11.0,0.0
Ângelo Márcio Leite Denadai,0.0,0.0,0.0,0.0,0.0,0.0,0.0,0.0,0.0,0.0,0.0,0.0,0.0,0.0,0.0,0.0,0.0,0.0,0.0,0.0,0.0,0.0,0.0,0.0,0.0,0.0,0.0,0.0,0.0,0.0,0.0,1.0,1.0,2.0,4.0,3.0,0.0,3.0,3.0,6.0,3.0,4.0,6.0,4.0,5.0,3.0,6.0,9.0,8.0,0.0,0.0
Camila da Silva,0.0,0.0,0.0,0.0,0.0,0.0,0.0,0.0,0.0,0.0,0.0,0.0,0.0,0.0,0.0,0.0,0.0,0.0,0.0,0.0,0.0,0.0,0.0,0.0,0.0,0.0,0.0,0.0,0.0,0.0,0.0,0.0,0.0,0.0,1.0,2.0,2.0,4.0,5.0,2.0,8.0,9.0,5.0,9.0,14.0,6.0,21.0,24.0,20.0,15.0,0.0
Francisco César Alves Ferraz,0.0,0.0,0.0,0.0,0.0,0.0,0.0,0.0,0.0,0.0,0.0,0.0,0.0,0.0,0.0,0.0,0.0,1.0,0.0,0.0,0.0,1.0,0.0,0.0,0.0,0.0,3.0,2.0,0.0,0.0,0.0,0.0,2.0,0.0,1.0,2.0,0.0,2.0,0.0,1.0,0.0,1.0,1.0,0.0,0.0,0.0,0.0,1.0,1.0,0.0,0.0
Andréia Guerini,0.0,0.0,0.0,0.0,0.0,0.0,0.0,0.0,0.0,0.0,0.0,0.0,0.0,0.0,0.0,0.0,0.0,0.0,0.0,0.0,0.0,0.0,0.0,0.0,0.0,3.0,4.0,6.0,3.0,0.0,4.0,1.0,4.0,5.0,2.0,6.0,7.0,9.0,10.0,10.0,2.0,10.0,6.0,4.0,4.0,12.0,7.0,7.0,6.0,1.0,0.0
Alexandre de Barros Falcão Ferraz,0.0,0.0,0.0,0.0,0.0,0.0,0.0,0.0,0.0,0.0,0.0,0.0,0.0,0.0,0.0,0.0,0.0,0.0,0.0,0.0,0.0,0.0,0.0,0.0,0.0,0.0,0.0,0.0,2.0,4.0,3.0,3.0,7.0,0.0,1.0,1.0,7.0,3.0,7.0,9.0,11.0,3.0,7.0,10.0,4.0,4.0,4.0,2.0,8.0,0.0,0.0
Alessandra Santana Soares e Barros,0.0,0.0,0.0,0.0,0.0,0.0,0.0,0.0,0.0,0.0,0.0,0.0,0.0,0.0,0.0,0.0,0.0,0.0,0.0,0.0,0.0,0.0,0.0,0.0,0.0,0.0,2.0,0.0,0.0,1.0,1.0,0.0,1.0,0.0,3.0,1.0,0.0,1.0,1.0,1.0,1.0,0.0,1.0,0.0,1.0,3.0,0.0,0.0,4.0,0.0,0.0
André Luiz Hemerly Costa,0.0,0.0,0.0,0.0,0.0,0.0,0.0,0.0,0.0,0.0,0.0,0.0,0.0,0.0,0.0,0.0,0.0,0.0,0.0,0.0,0.0,0.0,0.0,0.0,0.0,1.0,0.0,4.0,1.0,1.0,0.0,1.0,0.0,0.0,2.0,3.0,3.0,4.0,1.0,1.0,4.0,4.0,6.0,2.0,5.0,2.0,6.0,6.0,7.0,3.0,0.0
Denise Maria Guimarães Freire,0.0,0.0,0.0,0.0,0.0,0.0,0.0,0.0,0.0,0.0,0.0,2.0,0.0,1.0,1.0,0.0,0.0,2.0,0.0,0.0,0.0,0.0,0.0,0.0,2.0,1.0,3.0,4.0,3.0,5.0,2.0,4.0,4.0,9.0,7.0,8.0,9.0,9.0,18.0,8.0,13.0,10.0,14.0,12.0,17.0,16.0,12.0,15.0,19.0,8.0,0.0
Wilson Francisco Britto Wasielesky Junior,0.0,0.0,0.0,0.0,0.0,0.0,0.0,0.0,0.0,0.0,0.0,0.0,0.0,0.0,0.0,0.0,0.0,0.0,0.0,2.0,0.0,2.0,3.0,2.0,2.0,3.0,1.0,0.0,3.0,5.0,7.0,6.0,5.0,8.0,7.0,9.0,6.0,6.0,10.0,14.0,13.0,14.0,14.0,14.0,12.0,10.0,10.0,16.0,14.0,7.0,0.0
Beate Saegesser Santos,0.0,0.0,0.0,0.0,0.0,0.0,0.0,0.0,0.0,0.0,0.0,0.0,0.0,0.0,0.0,0.0,0.0,0.0,0.0,0.0,0.0,0.0,0.0,0.0,2.0,1.0,0.0,1.0,0.0,1.0,0.0,0.0,7.0,7.0,2.0,7.0,3.0,5.0,2.0,4.0,4.0,1.0,6.0,3.0,5.0,5.0,9.0,6.0,7.0,2.0,0.0
Hilário Alencar da Silva,0.0,0.0,0.0,0.0,0.0,0.0,0.0,0.0,0.0,0.0,0.0,0.0,0.0,0.0,0.0,0.0,0.0,0.0,1.0,0.0,5.0,2.0,0.0,0.0,2.0,2.0,0.0,0.0,1.0,1.0,1.0,1.0,1.0,0.0,2.0,0.0,0.0,3.0,1.0,0.0,0.0,1.0,1.0,2.0,1.0,2.0,2.0,0.0,1.0,1.0,0.0
Érica Ferreira de Souza,0.0,0.0,0.0,0.0,0.0,0.0,0.0,0.0,0.0,0.0,0.0,0.0,0.0,0.0,0.0,0.0,0.0,0.0,0.0,0.0,0.0,0.0,0.0,0.0,0.0,0.0,0.0,0.0,0.0,0.0,0.0,0.0,0.0,0.0,0.0,0.0,0.0,0.0,0.0,0.0,0.0,1.0,1.0,0.0,3.0,1.0,1.0,3.0,5.0,2.0,0.0
Andrés Armando Mendiburu Zevallos,0.0,0.0,0.0,0.0,0.0,0.0,0.0,0.0,0.0,0.0,0.0,0.0,0.0,0.0,0.0,0.0,0.0,0.0,0.0,0.0,0.0,0.0,0.0,0.0,0.0,0.0,0.0,0.0,0.0,0.0,0.0,0.0,0.0,0.0,0.0,0.0,0.0,0.0,1.0,1.0,0.0,4.0,0.0,3.0,3.0,5.0,3.0,2.0,2.0,2.0,0.0
Gabriel Heerdt,0.0,0.0,0.0,0.0,0.0,0.0,0.0,0.0,0.0,0.0,0.0,0.0,0.0,0.0,0.0,0.0,0.0,0.0,0.0,0.0,0.0,0.0,0.0,0.0,0.0,0.0,0.0,0.0,0.0,0.0,0.0,0.0,0.0,0.0,0.0,0.0,0.0,0.0,1.0,1.0,1.0,2.0,3.0,2.0,3.0,4.0,1.0,1.0,0.0,0.0,0.0
Bruno Ricardo de Carvalho,0.0,0.0,0.0,0.0,0.0,0.0,0.0,0.0,0.0,0.0,0.0,0.0,0.0,0.0,0.0,0.0,0.0,0.0,0.0,0.0,0.0,0.0,0.0,0.0,0.0,0.0,0.0,0.0,0.0,0.0,0.0,0.0,0.0,0.0,0.0,0.0,0.0,0.0,0.0,0.0,0.0,0.0,3.0,3.0,3.0,1.0,3.0,4.0,7.0,1.0,0.0
Alexandre Ferreira Marques,0.0,0.0,0.0,0.0,0.0,0.0,0.0,0.0,0.0,0.0,0.0,0.0,0.0,0.0,0.0,0.0,0.0,0.0,0.0,0.0,0.0,0.0,0.0,0.0,0.0,0.0,0.0,0.0,0.0,0.0,0.0,0.0,4.0,2.0,0.0,4.0,1.0,3.0,1.0,5.0,3.0,2.0,1.0,3.0,2.0,1.0,4.0,1.0,0.0,0.0,0.0
Waldiceu Aparecido Verri Junior,0.0,0.0,0.0,0.0,0.0,0.0,0.0,0.0,0.0,0.0,0.0,0.0,0.0,0.0,0.0,0.0,0.0,0.0,0.0,0.0,0.0,0.0,0.0,0.0,1.0,0.0,1.0,1.0,0.0,0.0,1.0,3.0,2.0,9.0,8.0,14.0,6.0,7.0,4.0,10.0,18.0,11.0,20.0,19.0,22.0,23.0,19.0,23.0,24.0,21.0,0.0
Adriana de Abreu Corrêa,0.0,0.0,0.0,0.0,0.0,0.0,0.0,0.0,0.0,0.0,0.0,0.0,0.0,0.0,0.0,0.0,0.0,0.0,0.0,0.0,0.0,0.0,0.0,0.0,0.0,0.0,0.0,0.0,0.0,0.0,0.0,0.0,1.0,1.0,2.0,0.0,1.0,2.0,1.0,4.0,1.0,1.0,2.0,1.0,1.0,2.0,0.0,0.0,0.0,0.0,0.0
Breno Valentim Nogueira,0.0,0.0,0.0,0.0,0.0,0.0,0.0,0.0,0.0,0.0,0.0,0.0,0.0,0.0,0.0,0.0,0.0,0.0,0.0,0.0,0.0,0.0,0.0,0.0,0.0,0.0,0.0,0.0,0.0,0.0,0.0,0.0,0.0,0.0,1.0,0.0,1.0,2.0,3.0,2.0,2.0,8.0,7.0,3.0,8.0,2.0,11.0,10.0,1.0,1.0,0.0
Anielle Cristhine de Medeiros Takahashi,0.0,0.0,0.0,0.0,0.0,0.0,0.0,0.0,0.0,0.0,0.0,0.0,0.0,0.0,0.0,0.0,0.0,0.0,0.0,0.0,0.0,0.0,0.0,0.0,0.0,0.0,0.0,0.0,0.0,0.0,1.0,1.0,1.0,2.0,2.0,0.0,1.0,1.0,5.0,5.0,0.0,5.0,4.0,4.0,11.0,8.0,6.0,3.0,6.0,0.0,0.0
Alcyr Alves de Oliveira,0.0,0.0,0.0,0.0,0.0,0.0,0.0,0.0,0.0,0.0,0.0,0.0,0.0,0.0,0.0,0.0,0.0,0.0,0.0,0.0,0.0,0.0,0.0,0.0,0.0,0.0,0.0,0.0,0.0,1.0,1.0,1.0,1.0,1.0,0.0,1.0,2.0,0.0,2.0,5.0,1.0,5.0,2.0,4.0,4.0,4.0,3.0,2.0,2.0,3.0,0.0
Aline Souza de Paula,0.0,0.0,0.0,0.0,0.0,0.0,0.0,0.0,0.0,0.0,0.0,0.0,0.0,0.0,0.0,0.0,0.0,0.0,0.0,0.0,0.0,0.0,0.0,0.0,0.0,0.0,0.0,0.0,0.0,0.0,0.0,0.0,0.0,1.0,0.0,1.0,3.0,0.0,3.0,4.0,3.0,4.0,3.0,0.0,4.0,0.0,2.0,1.0,1.0,2.0,0.0
Luciana Regina Ferreira Pereira da Mata,0.0,0.0,0.0,0.0,0.0,0.0,0.0,0.0,0.0,0.0,0.0,0.0,0.0,0.0,0.0,0.0,0.0,0.0,0.0,0.0,0.0,0.0,0.0,0.0,0.0,0.0,0.0,0.0,0.0,0.0,0.0,0.0,0.0,0.0,1.0,2.0,0.0,3.0,2.0,2.0,4.0,5.0,4.0,8.0,8.0,8.0,6.0,3.0,8.0,8.0,0.0
Fábio Pio Dornas,0.0,0.0,0.0,0.0,0.0,0.0,0.0,0.0,0.0,0.0,0.0,0.0,0.0,0.0,0.0,0.0,0.0,0.0,0.0,0.0,0.0,0.0,0.0,0.0,0.0,0.0,0.0,0.0,0.0,0.0,0.0,0.0,0.0,0.0,0.0,0.0,0.0,0.0,0.0,0.0,2.0,6.0,4.0,2.0,4.0,4.0,4.0,0.0,0.0,0.0,0.0
Angelo Alves Carrara,0.0,0.0,0.0,0.0,0.0,0.0,0.0,0.0,0.0,0.0,0.0,0.0,0.0,0.0,0.0,0.0,0.0,0.0,0.0,0.0,0.0,1.0,0.0,0.0,0.0,0.0,1.0,2.0,4.0,0.0,0.0,0.0,1.0,1.0,1.0,1.0,1.0,4.0,2.0,3.0,2.0,0.0,2.0,2.0,1.0,3.0,1.0,3.0,2.0,2.0,0.0
Antonio Lopes Gama,0.0,0.0,0.0,0.0,0.0,0.0,0.0,0.0,0.0,0.0,0.0,0.0,0.0,0.0,0.0,0.0,0.0,0.0,0.0,1.0,0.0,1.0,0.0,0.0,0.0,0.0,0.0,1.0,0.0,0.0,0.0,1.0,1.0,0.0,0.0,1.0,1.0,1.0,0.0,1.0,1.0,1.0,1.0,1.0,1.0,2.0,0.0,0.0,0.0,0.0,0.0
Roberto Imbuzeiro Moraes Felinto de Oliveira,0.0,0.0,0.0,0.0,0.0,0.0,0.0,0.0,0.0,0.0,0.0,0.0,0.0,0.0,0.0,0.0,0.0,0.0,0.0,0.0,0.0,0.0,0.0,0.0,0.0,0.0,0.0,0.0,0.0,0.0,0.0,1.0,1.0,1.0,2.0,3.0,2.0,1.0,1.0,3.0,2.0,1.0,2.0,3.0,4.0,4.0,3.0,1.0,1.0,0.0,0.0
Mateus Luz Levandowski,0.0,0.0,0.0,0.0,0.0,0.0,0.0,0.0,0.0,0.0,0.0,0.0,0.0,0.0,0.0,0.0,0.0,0.0,0.0,0.0,0.0,0.0,0.0,0.0,0.0,0.0,0.0,0.0,0.0,0.0,0.0,0.0,0.0,0.0,0.0,0.0,0.0,0.0,0.0,0.0,2.0,3.0,2.0,10.0,5.0,2.0,0.0,0.0,2.0,0.0,0.0
Simone Wajnman,0.0,0.0,0.0,0.0,0.0,0.0,0.0,0.0,0.0,0.0,0.0,0.0,0.0,0.0,0.0,0.0,0.0,1.0,0.0,0.0,1.0,1.0,0.0,0.0,2.0,1.0,1.0,2.0,0.0,0.0,1.0,1.0,1.0,1.0,4.0,1.0,1.0,0.0,3.0,2.0,2.0,1.0,0.0,4.0,1.0,1.0,1.0,0.0,0.0,0.0,0.0
Adonney Allan de Oliveira Veras,0.0,0.0,0.0,0.0,0.0,0.0,0.0,0.0,0.0,0.0,0.0,0.0,0.0,0.0,0.0,0.0,0.0,0.0,0.0,0.0,0.0,0.0,0.0,0.0,0.0,0.0,0.0,0.0,0.0,0.0,0.0,0.0,0.0,0.0,0.0,0.0,0.0,0.0,0.0,0.0,1.0,3.0,7.0,10.0,3.0,2.0,1.0,1.0,4.0,2.0,0.0
Silvia Eloiza Priore,0.0,0.0,0.0,0.0,0.0,0.0,0.0,0.0,0.0,0.0,0.0,0.0,1.0,0.0,1.0,0.0,0.0,0.0,1.0,1.0,0.0,2.0,0.0,0.0,2.0,8.0,0.0,2.0,13.0,21.0,9.0,11.0,16.0,21.0,15.0,13.0,18.0,10.0,25.0,14.0,10.0,21.0,17.0,12.0,13.0,18.0,14.0,17.0,17.0,4.0,0.0
João Márcio Mendes Pereira,0.0,0.0,0.0,0.0,0.0,0.0,0.0,0.0,0.0,0.0,0.0,0.0,0.0,0.0,0.0,0.0,0.0,0.0,0.0,0.0,0.0,0.0,0.0,0.0,0.0,0.0,0.0,0.0,0.0,0.0,0.0,0.0,4.0,2.0,1.0,0.0,0.0,1.0,5.0,3.0,2.0,3.0,4.0,3.0,3.0,2.0,0.0,2.0,4.0,0.0,0.0
Alessandra Choqueta de Toledo Arruda,0.0,0.0,0.0,0.0,0.0,0.0,0.0,0.0,0.0,0.0,0.0,0.0,0.0,0.0,0.0,0.0,0.0,0.0,0.0,0.0,0.0,0.0,0.0,0.0,0.0,0.0,0.0,0.0,0.0,0.0,0.0,0.0,0.0,0.0,0.0,1.0,0.0,5.0,8.0,4.0,4.0,5.0,13.0,1.0,4.0,2.0,1.0,3.0,0.0,5.0,0.0
Mauricio Morishi Ogusku,0.0,0.0,0.0,0.0,0.0,0.0,0.0,0.0,0.0,0.0,0.0,0.0,0.0,0.0,0.0,0.0,0.0,0.0,0.0,0.0,0.0,0.0,1.0,0.0,0.0,0.0,0.0,0.0,0.0,0.0,1.0,2.0,0.0,1.0,2.0,0.0,1.0,0.0,0.0,4.0,2.0,1.0,0.0,2.0,1.0,2.0,1.0,1.0,4.0,0.0,0.0
Elizeu Clementino de Souza,0.0,0.0,0.0,0.0,0.0,0.0,0.0,0.0,0.0,0.0,0.0,0.0,0.0,0.0,0.0,0.0,0.0,0.0,0.0,0.0,0.0,1.0,1.0,0.0,0.0,0.0,1.0,2.0,4.0,0.0,1.0,4.0,3.0,2.0,3.0,2.0,3.0,2.0,11.0,4.0,4.0,5.0,7.0,13.0,7.0,12.0,6.0,4.0,10.0,1.0,0.0
André Carraro,0.0,0.0,0.0,0.0,0.0,0.0,0.0,0.0,0.0,0.0,0.0,0.0,0.0,0.0,0.0,0.0,0.0,0.0,0.0,0.0,0.0,0.0,0.0,1.0,1.0,0.0,0.0,0.0,1.0,0.0,0.0,1.0,1.0,2.0,0.0,0.0,0.0,1.0,0.0,1.0,2.0,4.0,5.0,8.0,5.0,6.0,4.0,2.0,3.0,0.0,0.0
Armando Juan Navarro Vázquez,0.0,0.0,0.0,0.0,0.0,0.0,0.0,0.0,0.0,0.0,0.0,0.0,0.0,0.0,0.0,0.0,0.0,0.0,0.0,0.0,0.0,0.0,0.0,0.0,0.0,0.0,2.0,1.0,1.0,2.0,2.0,4.0,3.0,1.0,2.0,0.0,5.0,5.0,8.0,6.0,2.0,5.0,4.0,6.0,3.0,5.0,6.0,9.0,4.0,3.0,0.0
André Dias de Azevedo Neto,0.0,0.0,0.0,0.0,0.0,0.0,0.0,0.0,0.0,0.0,0.0,0.0,0.0,0.0,0.0,0.0,0.0,0.0,0.0,0.0,0.0,0.0,0.0,0.0,0.0,0.0,10.0,2.0,0.0,2.0,2.0,2.0,2.0,1.0,0.0,1.0,1.0,4.0,1.0,0.0,4.0,8.0,0.0,7.0,4.0,4.0,4.0,9.0,3.0,2.0,0.0
Caio Marcio Paranhos da Silva,0.0,0.0,0.0,0.0,0.0,0.0,0.0,0.0,0.0,0.0,0.0,0.0,0.0,0.0,0.0,0.0,0.0,0.0,0.0,0.0,0.0,0.0,0.0,0.0,0.0,0.0,0.0,0.0,0.0,0.0,0.0,0.0,0.0,0.0,5.0,1.0,4.0,1.0,0.0,0.0,3.0,4.0,1.0,5.0,9.0,3.0,11.0,3.0,7.0,1.0,0.0
Bruno Vieira Bertoncini,0.0,0.0,0.0,0.0,0.0,0.0,0.0,0.0,0.0,0.0,0.0,0.0,0.0,0.0,0.0,0.0,0.0,0.0,0.0,0.0,0.0,0.0,0.0,0.0,0.0,0.0,0.0,0.0,0.0,0.0,0.0,0.0,0.0,0.0,0.0,0.0,0.0,0.0,0.0,1.0,2.0,0.0,2.0,2.0,3.0,3.0,2.0,4.0,6.0,1.0,0.0
André Filipe Zago de Azevedo,0.0,0.0,0.0,0.0,0.0,0.0,0.0,0.0,0.0,0.0,0.0,0.0,0.0,0.0,0.0,0.0,0.0,0.0,0.0,0.0,0.0,0.0,0.0,2.0,0.0,1.0,0.0,0.0,0.0,1.0,0.0,3.0,0.0,3.0,0.0,1.0,5.0,1.0,3.0,3.0,6.0,3.0,3.0,2.0,2.0,6.0,3.0,2.0,2.0,0.0,0.0
Ana Suelly Arruda Câmara Cabral,0.0,0.0,0.0,0.0,0.0,0.0,0.0,0.0,0.0,0.0,0.0,0.0,0.0,0.0,0.0,0.0,0.0,0.0,0.0,0.0,0.0,0.0,0.0,2.0,3.0,0.0,0.0,1.0,1.0,0.0,1.0,2.0,1.0,5.0,0.0,1.0,3.0,3.0,5.0,1.0,4.0,3.0,4.0,4.0,1.0,3.0,2.0,1.0,1.0,0.0,0.0
Abner de Siervo,0.0,0.0,0.0,0.0,0.0,0.0,0.0,0.0,0.0,0.0,0.0,0.0,0.0,0.0,0.0,0.0,0.0,0.0,0.0,0.0,0.0,0.0,0.0,0.0,0.0,4.0,4.0,1.0,5.0,4.0,0.0,3.0,2.0,4.0,6.0,4.0,1.0,3.0,3.0,1.0,6.0,9.0,2.0,2.0,2.0,5.0,3.0,6.0,12.0,7.0,0.0
Rosmari Terezinha Cazarotto,0.0,0.0,0.0,0.0,0.0,0.0,0.0,0.0,0.0,0.0,0.0,0.0,0.0,0.0,0.0,0.0,0.0,0.0,0.0,0.0,0.0,0.0,0.0,0.0,0.0,0.0,0.0,0.0,0.0,0.0,0.0,0.0,0.0,1.0,0.0,1.0,0.0,0.0,1.0,1.0,2.0,0.0,1.0,0.0,2.0,1.0,1.0,5.0,4.0,0.0,0.0
Claudinei Fonseca Souza,0.0,0.0,0.0,0.0,0.0,0.0,0.0,0.0,0.0,0.0,0.0,0.0,0.0,0.0,0.0,0.0,0.0,0.0,0.0,0.0,0.0,0.0,0.0,0.0,0.0,1.0,1.0,0.0,1.0,1.0,1.0,2.0,2.0,5.0,1.0,0.0,4.0,8.0,4.0,1.0,6.0,5.0,8.0,10.0,4.0,4.0,5.0,5.0,6.0,1.0,0.0
Vander Valduga,0.0,0.0,0.0,0.0,0.0,0.0,0.0,0.0,0.0,0.0,0.0,0.0,0.0,0.0,0.0,0.0,0.0,0.0,0.0,0.0,0.0,0.0,0.0,0.0,0.0,0.0,0.0,0.0,0.0,0.0,0.0,0.0,0.0,0.0,0.0,0.0,0.0,0.0,0.0,4.0,2.0,6.0,2.0,5.0,3.0,2.0,1.0,9.0,7.0,5.0,0.0
Hans Raj Gheyi,0.0,1.0,2.0,1.0,0.0,0.0,0.0,2.0,3.0,3.0,1.0,3.0,1.0,0.0,2.0,1.0,0.0,0.0,2.0,0.0,1.0,1.0,3.0,1.0,1.0,1.0,4.0,3.0,4.0,8.0,10.0,7.0,28.0,9.0,14.0,14.0,17.0,19.0,31.0,25.0,11.0,23.0,19.0,33.0,39.0,37.0,39.0,49.0,36.0,32.0,2.0
Admilson Teixeira Franco,0.0,0.0,0.0,0.0,0.0,0.0,0.0,0.0,0.0,0.0,0.0,0.0,0.0,0.0,0.0,0.0,0.0,0.0,0.0,0.0,0.0,0.0,0.0,0.0,0.0,0.0,0.0,1.0,0.0,0.0,1.0,0.0,1.0,2.0,0.0,0.0,1.0,2.0,2.0,2.0,4.0,0.0,2.0,4.0,3.0,5.0,4.0,1.0,6.0,1.0,0.0
Paulo Cesar Oliveira Vergne de Abreu,0.0,0.0,0.0,0.0,0.0,0.0,0.0,0.0,0.0,0.0,0.0,0.0,0.0,1.0,0.0,1.0,1.0,0.0,1.0,2.0,0.0,2.0,4.0,2.0,3.0,0.0,2.0,1.0,0.0,1.0,3.0,2.0,4.0,4.0,6.0,2.0,3.0,4.0,5.0,6.0,12.0,5.0,11.0,9.0,9.0,8.0,7.0,3.0,5.0,4.0,0.0
Angel Roberto Barchuk,0.0,0.0,0.0,0.0,0.0,0.0,0.0,0.0,0.0,0.0,0.0,0.0,0.0,0.0,0.0,0.0,0.0,0.0,0.0,0.0,0.0,0.0,0.0,0.0,0.0,0.0,1.0,2.0,1.0,2.0,2.0,3.0,1.0,0.0,3.0,2.0,2.0,2.0,0.0,1.0,3.0,2.0,0.0,2.0,2.0,1.0,1.0,4.0,3.0,2.0,0.0
Monica Alonso Cotta,0.0,0.0,0.0,0.0,0.0,0.0,0.0,0.0,0.0,0.0,0.0,0.0,0.0,0.0,0.0,0.0,1.0,1.0,1.0,4.0,4.0,4.0,4.0,3.0,2.0,5.0,6.0,6.0,2.0,3.0,5.0,8.0,2.0,4.0,7.0,3.0,6.0,5.0,7.0,6.0,6.0,0.0,5.0,3.0,6.0,5.0,1.0,5.0,7.0,2.0,0.0
Angelo Pallini,0.0,0.0,0.0,0.0,0.0,0.0,0.0,0.0,0.0,0.0,0.0,0.0,0.0,1.0,1.0,0.0,1.0,0.0,0.0,1.0,0.0,0.0,2.0,1.0,2.0,4.0,4.0,1.0,3.0,2.0,4.0,7.0,5.0,7.0,12.0,5.0,8.0,11.0,6.0,2.0,6.0,7.0,5.0,5.0,10.0,5.0,8.0,4.0,4.0,5.0,0.0
Marta Margarete Cestari,0.0,0.0,0.0,0.0,0.0,0.0,0.0,0.0,0.0,0.0,0.0,0.0,0.0,0.0,0.0,0.0,0.0,0.0,0.0,2.0,0.0,0.0,0.0,0.0,0.0,0.0,0.0,1.0,1.0,1.0,4.0,4.0,3.0,4.0,6.0,5.0,8.0,5.0,10.0,8.0,8.0,8.0,6.0,9.0,9.0,12.0,16.0,6.0,6.0,6.0,0.0
Josefina Bressan,0.0,0.0,0.0,0.0,0.0,0.0,0.0,0.0,0.0,0.0,0.0,0.0,0.0,0.0,0.0,0.0,0.0,0.0,1.0,0.0,0.0,2.0,1.0,1.0,2.0,1.0,9.0,9.0,7.0,10.0,5.0,8.0,11.0,15.0,8.0,16.0,10.0,18.0,12.0,17.0,14.0,19.0,15.0,7.0,8.0,11.0,13.0,15.0,19.0,8.0,0.0
Kedma da Silva Matos,0.0,0.0,0.0,0.0,0.0,0.0,0.0,0.0,0.0,0.0,0.0,0.0,0.0,0.0,0.0,0.0,0.0,0.0,0.0,0.0,0.0,0.0,0.0,0.0,0.0,0.0,0.0,0.0,0.0,0.0,0.0,0.0,0.0,0.0,0.0,0.0,0.0,0.0,0.0,1.0,0.0,1.0,0.0,5.0,5.0,3.0,3.0,8.0,5.0,0.0,0.0
Frederic Jean Georges Frezard,0.0,0.0,0.0,0.0,0.0,0.0,0.0,0.0,0.0,0.0,0.0,0.0,0.0,0.0,0.0,0.0,3.0,2.0,3.0,0.0,1.0,7.0,0.0,0.0,3.0,2.0,4.0,2.0,9.0,2.0,4.0,2.0,6.0,7.0,1.0,5.0,4.0,8.0,7.0,6.0,10.0,8.0,6.0,6.0,5.0,7.0,9.0,6.0,2.0,4.0,0.0
Lourdes Maria Bragagnolo Frison,0.0,0.0,0.0,0.0,0.0,0.0,0.0,0.0,0.0,0.0,0.0,0.0,0.0,0.0,0.0,0.0,0.0,0.0,0.0,0.0,0.0,0.0,0.0,0.0,0.0,0.0,1.0,0.0,3.0,2.0,2.0,4.0,0.0,1.0,2.0,5.0,4.0,0.0,6.0,7.0,5.0,2.0,9.0,10.0,8.0,3.0,6.0,5.0,0.0,0.0,0.0
Alcides Buss,0.0,0.0,0.0,0.0,0.0,0.0,0.0,0.0,0.0,0.0,0.0,0.0,0.0,0.0,0.0,0.0,0.0,0.0,0.0,0.0,0.0,0.0,0.0,0.0,0.0,0.0,0.0,0.0,0.0,0.0,0.0,0.0,0.0,0.0,1.0,1.0,1.0,1.0,2.0,4.0,1.0,1.0,2.0,2.0,3.0,3.0,2.0,0.0,3.0,1.0,0.0
Alex Rafacho,0.0,0.0,0.0,0.0,0.0,0.0,0.0,0.0,0.0,0.0,0.0,0.0,0.0,0.0,0.0,0.0,0.0,0.0,0.0,0.0,0.0,0.0,0.0,0.0,0.0,0.0,0.0,0.0,0.0,0.0,0.0,2.0,1.0,4.0,2.0,5.0,5.0,9.0,4.0,3.0,2.0,11.0,4.0,5.0,3.0,6.0,4.0,6.0,6.0,4.0,0.0
Fernando Lázaro Freire Junior,0.0,0.0,0.0,0.0,0.0,0.0,0.0,0.0,0.0,2.0,1.0,1.0,1.0,3.0,5.0,4.0,4.0,7.0,5.0,11.0,11.0,8.0,6.0,4.0,9.0,8.0,7.0,12.0,8.0,5.0,8.0,8.0,1.0,3.0,7.0,1.0,1.0,2.0,1.0,5.0,2.0,2.0,3.0,3.0,6.0,7.0,6.0,2.0,4.0,3.0,0.0
Eduardo Carvalho Lira,0.0,0.0,0.0,0.0,0.0,0.0,0.0,0.0,0.0,0.0,0.0,0.0,0.0,0.0,0.0,0.0,0.0,0.0,0.0,0.0,0.0,0.0,0.0,0.0,0.0,0.0,0.0,0.0,0.0,0.0,0.0,2.0,1.0,1.0,1.0,2.0,2.0,1.0,2.0,0.0,1.0,1.0,0.0,4.0,1.0,2.0,1.0,3.0,6.0,1.0,0.0
Bruno Duarte Gomes,0.0,0.0,0.0,0.0,0.0,0.0,0.0,0.0,0.0,0.0,0.0,0.0,0.0,0.0,0.0,0.0,0.0,0.0,0.0,0.0,0.0,0.0,0.0,0.0,0.0,0.0,0.0,0.0,0.0,0.0,1.0,0.0,0.0,2.0,1.0,3.0,4.0,2.0,5.0,5.0,5.0,2.0,2.0,4.0,0.0,2.0,0.0,2.0,0.0,1.0,0.0
José Rubens Morato Leite,0.0,0.0,0.0,0.0,0.0,0.0,0.0,0.0,0.0,0.0,0.0,0.0,0.0,0.0,0.0,0.0,0.0,0.0,0.0,0.0,0.0,1.0,3.0,4.0,1.0,2.0,3.0,3.0,3.0,3.0,1.0,3.0,1.0,2.0,3.0,0.0,1.0,6.0,0.0,1.0,0.0,5.0,7.0,3.0,2.0,2.0,3.0,2.0,3.0,0.0,0.0
Augusta Pelinski Raiher,0.0,0.0,0.0,0.0,0.0,0.0,0.0,0.0,0.0,0.0,0.0,0.0,0.0,0.0,0.0,0.0,0.0,0.0,0.0,0.0,0.0,0.0,0.0,0.0,0.0,0.0,0.0,0.0,0.0,0.0,0.0,1.0,1.0,1.0,2.0,1.0,4.0,2.0,5.0,6.0,9.0,6.0,5.0,6.0,11.0,9.0,7.0,7.0,3.0,4.0,0.0
Joaquim de Araújo Nóbrega,0.0,0.0,0.0,0.0,0.0,0.0,0.0,0.0,0.0,0.0,0.0,0.0,0.0,0.0,0.0,2.0,0.0,1.0,2.0,1.0,1.0,4.0,6.0,5.0,6.0,9.0,10.0,9.0,14.0,25.0,7.0,9.0,22.0,8.0,13.0,10.0,13.0,11.0,17.0,20.0,13.0,14.0,6.0,13.0,13.0,10.0,8.0,9.0,5.0,1.0,0.0
Fabio Barboza Passos,0.0,0.0,0.0,0.0,0.0,0.0,0.0,0.0,0.0,0.0,0.0,0.0,0.0,0.0,0.0,0.0,0.0,0.0,0.0,1.0,2.0,2.0,0.0,3.0,0.0,3.0,0.0,3.0,2.0,3.0,5.0,7.0,7.0,3.0,5.0,3.0,1.0,2.0,3.0,3.0,2.0,12.0,3.0,6.0,6.0,2.0,6.0,5.0,10.0,3.0,0.0
Ana Cristina Petry,0.0,0.0,0.0,0.0,0.0,0.0,0.0,0.0,0.0,0.0,0.0,0.0,0.0,0.0,0.0,0.0,0.0,0.0,0.0,0.0,0.0,0.0,0.0,0.0,0.0,0.0,0.0,1.0,1.0,0.0,2.0,0.0,0.0,1.0,2.0,0.0,1.0,3.0,2.0,0.0,4.0,3.0,1.0,5.0,9.0,1.0,3.0,4.0,6.0,1.0,0.0
Flávio dos Santos Gomes,0.0,0.0,0.0,0.0,0.0,0.0,0.0,0.0,0.0,0.0,0.0,0.0,0.0,0.0,0.0,0.0,0.0,0.0,1.0,0.0,2.0,3.0,1.0,7.0,0.0,0.0,0.0,0.0,6.0,11.0,4.0,2.0,3.0,6.0,1.0,5.0,3.0,10.0,10.0,6.0,9.0,3.0,3.0,6.0,0.0,3.0,3.0,6.0,3.0,1.0,0.0
Mariana Lima Boroni Martins,0.0,0.0,0.0,0.0,0.0,0.0,0.0,0.0,0.0,0.0,0.0,0.0,0.0,0.0,0.0,0.0,0.0,0.0,0.0,0.0,0.0,0.0,0.0,0.0,0.0,0.0,0.0,0.0,0.0,0.0,0.0,0.0,0.0,0.0,0.0,0.0,0.0,0.0,1.0,0.0,1.0,1.0,0.0,1.0,3.0,7.0,3.0,8.0,8.0,5.0,0.0
Bojan Marinkovic,0.0,0.0,0.0,0.0,0.0,0.0,0.0,0.0,0.0,0.0,0.0,0.0,0.0,0.0,0.0,0.0,0.0,0.0,0.0,0.0,0.0,0.0,0.0,0.0,0.0,1.0,7.0,4.0,1.0,2.0,0.0,5.0,4.0,3.0,4.0,6.0,4.0,4.0,6.0,5.0,7.0,4.0,6.0,7.0,3.0,5.0,6.0,5.0,7.0,5.0,0.0
Arcilan Trevenzoli Assireu,0.0,0.0,0.0,0.0,0.0,0.0,0.0,0.0,0.0,0.0,0.0,0.0,0.0,0.0,0.0,0.0,0.0,0.0,0.0,0.0,0.0,0.0,0.0,0.0,0.0,0.0,0.0,0.0,0.0,1.0,1.0,1.0,0.0,2.0,0.0,0.0,1.0,6.0,1.0,2.0,4.0,4.0,2.0,6.0,2.0,2.0,4.0,4.0,1.0,1.0,0.0
Eliane Ignotti,0.0,0.0,0.0,0.0,0.0,0.0,0.0,0.0,0.0,0.0,0.0,0.0,0.0,0.0,0.0,0.0,0.0,0.0,0.0,0.0,0.0,0.0,0.0,0.0,0.0,0.0,0.0,1.0,1.0,0.0,1.0,1.0,0.0,0.0,6.0,7.0,2.0,9.0,3.0,4.0,8.0,5.0,7.0,1.0,5.0,5.0,5.0,13.0,11.0,2.0,0.0
Daniella Castanheira Bartholomeu,0.0,0.0,0.0,0.0,0.0,0.0,0.0,0.0,0.0,0.0,0.0,0.0,0.0,0.0,0.0,0.0,0.0,0.0,0.0,0.0,0.0,0.0,0.0,0.0,0.0,0.0,0.0,0.0,2.0,1.0,2.0,3.0,3.0,3.0,2.0,7.0,2.0,2.0,10.0,3.0,9.0,7.0,12.0,3.0,10.0,6.0,8.0,6.0,11.0,5.0,0.0
Alexandre Meneghello Fuentefria,0.0,0.0,0.0,0.0,0.0,0.0,0.0,0.0,0.0,0.0,0.0,0.0,0.0,0.0,0.0,0.0,0.0,0.0,0.0,0.0,0.0,0.0,0.0,0.0,0.0,0.0,0.0,0.0,0.0,0.0,0.0,1.0,2.0,2.0,1.0,5.0,4.0,9.0,7.0,6.0,7.0,7.0,13.0,11.0,12.0,12.0,16.0,15.0,19.0,5.0,0.0
Bruno Zatt,0.0,0.0,0.0,0.0,0.0,0.0,0.0,0.0,0.0,0.0,0.0,0.0,0.0,0.0,0.0,0.0,0.0,0.0,0.0,0.0,0.0,0.0,0.0,0.0,0.0,0.0,0.0,0.0,0.0,0.0,0.0,0.0,0.0,0.0,2.0,0.0,0.0,0.0,0.0,0.0,2.0,2.0,2.0,4.0,2.0,5.0,8.0,7.0,8.0,2.0,0.0
Carla Galvão Spinillo,0.0,0.0,0.0,0.0,0.0,0.0,0.0,0.0,0.0,0.0,0.0,0.0,0.0,0.0,0.0,0.0,0.0,0.0,0.0,0.0,0.0,1.0,1.0,0.0,0.0,0.0,1.0,0.0,2.0,0.0,0.0,1.0,1.0,1.0,2.0,3.0,5.0,1.0,5.0,1.0,1.0,3.0,3.0,8.0,5.0,8.0,4.0,1.0,4.0,0.0,0.0
Jackson Roberto Guedes da Silva Almeida,0.0,0.0,0.0,0.0,0.0,0.0,0.0,0.0,0.0,0.0,0.0,0.0,0.0,0.0,0.0,0.0,0.0,0.0,0.0,0.0,0.0,0.0,0.0,0.0,0.0,0.0,0.0,0.0,0.0,0.0,3.0,6.0,5.0,6.0,3.0,3.0,2.0,5.0,11.0,12.0,17.0,24.0,24.0,23.0,34.0,29.0,35.0,24.0,26.0,15.0,1.0
Flávio Augusto Ziegelmann,0.0,0.0,0.0,0.0,0.0,0.0,0.0,0.0,0.0,0.0,0.0,0.0,0.0,0.0,0.0,0.0,0.0,0.0,0.0,0.0,0.0,0.0,0.0,0.0,1.0,0.0,0.0,0.0,0.0,1.0,0.0,1.0,0.0,0.0,0.0,2.0,2.0,4.0,1.0,3.0,2.0,4.0,1.0,3.0,1.0,4.0,3.0,1.0,1.0,0.0,0.0
Anderson Schwingel Ribeiro,0.0,0.0,0.0,0.0,0.0,0.0,0.0,0.0,0.0,0.0,0.0,0.0,0.0,0.0,0.0,0.0,0.0,0.0,0.0,0.0,0.0,0.0,0.0,0.0,0.0,0.0,0.0,1.0,0.0,3.0,1.0,4.0,5.0,2.0,6.0,1.0,2.0,0.0,3.0,4.0,6.0,2.0,3.0,6.0,6.0,9.0,4.0,10.0,6.0,2.0,0.0
Adriana Flach,0.0,0.0,0.0,0.0,0.0,0.0,0.0,0.0,0.0,0.0,0.0,0.0,0.0,0.0,0.0,0.0,0.0,0.0,0.0,0.0,0.0,0.0,0.0,0.0,0.0,0.0,1.0,0.0,0.0,1.0,0.0,2.0,1.0,3.0,3.0,2.0,0.0,1.0,0.0,2.0,1.0,5.0,5.0,2.0,2.0,1.0,0.0,4.0,3.0,1.0,0.0
André Zugman,0.0,0.0,0.0,0.0,0.0,0.0,0.0,0.0,0.0,0.0,0.0,0.0,0.0,0.0,0.0,0.0,0.0,0.0,0.0,0.0,0.0,0.0,0.0,0.0,0.0,0.0,0.0,0.0,0.0,0.0,0.0,0.0,0.0,0.0,0.0,0.0,0.0,0.0,1.0,3.0,7.0,4.0,4.0,9.0,9.0,2.0,0.0,0.0,0.0,0.0,0.0
Hernandes Faustino de Carvalho,0.0,0.0,0.0,0.0,0.0,0.0,0.0,0.0,0.0,0.0,0.0,0.0,0.0,1.0,1.0,0.0,1.0,4.0,1.0,0.0,0.0,4.0,2.0,6.0,2.0,0.0,4.0,4.0,4.0,1.0,4.0,2.0,4.0,5.0,4.0,6.0,6.0,8.0,3.0,4.0,3.0,5.0,6.0,5.0,10.0,10.0,9.0,15.0,13.0,7.0,0.0
Andreza Fabro de Bem,0.0,0.0,0.0,0.0,0.0,0.0,0.0,0.0,0.0,0.0,0.0,0.0,0.0,0.0,0.0,0.0,0.0,0.0,0.0,0.0,0.0,0.0,0.0,0.0,0.0,0.0,0.0,2.0,1.0,1.0,2.0,1.0,1.0,4.0,5.0,6.0,3.0,8.0,7.0,5.0,8.0,9.0,4.0,6.0,6.0,9.0,5.0,8.0,11.0,2.0,0.0
Aldo Ângelo Moreira Lima,0.0,0.0,0.0,0.0,0.0,0.0,0.0,0.0,0.0,0.0,0.0,0.0,0.0,1.0,2.0,2.0,1.0,0.0,1.0,8.0,5.0,3.0,3.0,5.0,9.0,6.0,8.0,8.0,8.0,8.0,9.0,6.0,8.0,3.0,9.0,9.0,6.0,7.0,8.0,12.0,11.0,21.0,7.0,11.0,17.0,17.0,11.0,10.0,7.0,5.0,0.0
Carlos William de Araujo Paschoal,0.0,0.0,0.0,0.0,0.0,0.0,0.0,0.0,0.0,0.0,0.0,0.0,0.0,0.0,0.0,0.0,0.0,0.0,0.0,0.0,0.0,0.0,0.0,0.0,0.0,0.0,1.0,2.0,1.0,7.0,4.0,2.0,2.0,2.0,3.0,4.0,4.0,1.0,2.0,3.0,7.0,6.0,6.0,4.0,4.0,2.0,3.0,6.0,2.0,1.0,0.0
Mariluce Paes de Souza,0.0,0.0,0.0,0.0,0.0,0.0,0.0,0.0,0.0,0.0,0.0,0.0,0.0,0.0,0.0,0.0,0.0,0.0,0.0,0.0,0.0,0.0,0.0,0.0,0.0,0.0,1.0,0.0,1.0,0.0,0.0,0.0,0.0,0.0,0.0,2.0,2.0,5.0,6.0,4.0,6.0,10.0,6.0,3.0,3.0,1.0,6.0,5.0,6.0,1.0,0.0
Narciso Larangeira Telles da Silva,0.0,0.0,0.0,0.0,0.0,0.0,0.0,0.0,0.0,0.0,0.0,0.0,0.0,0.0,0.0,0.0,0.0,0.0,0.0,0.0,0.0,0.0,0.0,0.0,0.0,1.0,4.0,2.0,1.0,2.0,0.0,3.0,1.0,1.0,0.0,2.0,1.0,0.0,3.0,0.0,1.0,4.0,4.0,0.0,1.0,0.0,2.0,1.0,1.0,1.0,0.0
Luiz Cláudio da Costa,0.0,0.0,0.0,0.0,0.0,0.0,0.0,0.0,0.0,0.0,0.0,0.0,0.0,0.0,0.0,0.0,0.0,0.0,0.0,0.0,0.0,1.0,1.0,1.0,3.0,2.0,2.0,3.0,1.0,0.0,2.0,1.0,0.0,1.0,1.0,1.0,3.0,2.0,3.0,1.0,1.0,0.0,1.0,2.0,2.0,0.0,4.0,0.0,1.0,1.0,0.0
Lucas Feitosa de Albuquerque Lima Babadopulos,0.0,0.0,0.0,0.0,0.0,0.0,0.0,0.0,0.0,0.0,0.0,0.0,0.0,0.0,0.0,0.0,0.0,0.0,0.0,0.0,0.0,0.0,0.0,0.0,0.0,0.0,0.0,0.0,0.0,0.0,0.0,0.0,0.0,0.0,0.0,0.0,0.0,0.0,1.0,0.0,1.0,0.0,1.0,2.0,5.0,2.0,6.0,5.0,5.0,3.0,0.0
Antonio Celso Dantas Antonino,0.0,0.0,0.0,0.0,0.0,0.0,0.0,0.0,0.0,0.0,0.0,0.0,0.0,0.0,0.0,0.0,0.0,0.0,0.0,0.0,0.0,0.0,2.0,0.0,2.0,1.0,1.0,2.0,2.0,3.0,4.0,7.0,6.0,5.0,4.0,5.0,1.0,1.0,4.0,7.0,13.0,11.0,9.0,8.0,8.0,9.0,9.0,20.0,18.0,7.0,0.0
Renata Padilha de Souza,0.0,0.0,0.0,0.0,0.0,0.0,0.0,0.0,0.0,0.0,0.0,0.0,0.0,0.0,0.0,0.0,0.0,0.0,0.0,0.0,0.0,0.0,0.0,0.0,0.0,0.0,0.0,0.0,0.0,0.0,0.0,0.0,0.0,1.0,0.0,0.0,0.0,0.0,0.0,0.0,3.0,1.0,2.0,2.0,4.0,0.0,0.0,1.0,0.0,0.0,0.0
Audrey Borghi Silva,0.0,0.0,0.0,0.0,0.0,0.0,0.0,0.0,0.0,0.0,0.0,0.0,0.0,0.0,0.0,0.0,0.0,0.0,0.0,0.0,0.0,0.0,0.0,0.0,0.0,0.0,0.0,0.0,3.0,9.0,9.0,3.0,12.0,6.0,4.0,7.0,4.0,13.0,11.0,16.0,15.0,28.0,19.0,23.0,14.0,18.0,14.0,27.0,26.0,25.0,0.0
Eduardo Granado Monteiro da Silva,0.0,0.0,0.0,0.0,0.0,0.0,0.0,0.0,0.0,0.0,0.0,0.0,0.0,0.0,0.0,0.0,0.0,0.0,0.0,0.0,0.0,0.0,1.0,2.0,0.0,2.0,5.0,4.0,5.0,4.0,2.0,5.0,1.0,9.0,3.0,8.0,2.0,3.0,2.0,2.0,3.0,4.0,4.0,3.0,2.0,7.0,6.0,5.0,3.0,1.0,0.0
Alam Gustavo Trovó,0.0,0.0,0.0,0.0,0.0,0.0,0.0,0.0,0.0,0.0,0.0,0.0,0.0,0.0,0.0,0.0,0.0,0.0,0.0,0.0,0.0,0.0,0.0,0.0,0.0,0.0,0.0,0.0,0.0,1.0,0.0,1.0,2.0,1.0,3.0,2.0,3.0,2.0,2.0,1.0,5.0,2.0,2.0,4.0,6.0,5.0,2.0,3.0,6.0,3.0,0.0
Alyne Toscano Martins,0.0,0.0,0.0,0.0,0.0,0.0,0.0,0.0,0.0,0.0,0.0,0.0,0.0,0.0,0.0,0.0,0.0,0.0,0.0,0.0,0.0,0.0,0.0,0.0,0.0,0.0,0.0,0.0,0.0,0.0,0.0,0.0,0.0,0.0,0.0,0.0,0.0,0.0,0.0,0.0,0.0,0.0,0.0,0.0,1.0,0.0,1.0,1.0,1.0,0.0,0.0
Rafael Dariolli,0.0,0.0,0.0,0.0,0.0,0.0,0.0,0.0,0.0,0.0,0.0,0.0,0.0,0.0,0.0,0.0,0.0,0.0,0.0,0.0,0.0,0.0,0.0,0.0,0.0,0.0,0.0,0.0,0.0,0.0,0.0,0.0,0.0,1.0,0.0,0.0,0.0,0.0,0.0,2.0,2.0,3.0,1.0,3.0,2.0,2.0,3.0,3.0,5.0,0.0,0.0
Adriana da Fonte Porto Carreiro,0.0,0.0,0.0,0.0,0.0,0.0,0.0,0.0,0.0,0.0,0.0,0.0,0.0,0.0,0.0,0.0,0.0,0.0,0.0,0.0,0.0,0.0,0.0,1.0,0.0,1.0,2.0,7.0,2.0,0.0,1.0,4.0,1.0,10.0,2.0,5.0,3.0,4.0,7.0,5.0,5.0,6.0,4.0,8.0,2.0,4.0,6.0,9.0,13.0,5.0,0.0
Igor Luchini Baptista,0.0,0.0,0.0,0.0,0.0,0.0,0.0,0.0,0.0,0.0,0.0,0.0,0.0,0.0,0.0,0.0,0.0,0.0,0.0,0.0,0.0,0.0,0.0,0.0,0.0,0.0,0.0,0.0,0.0,0.0,0.0,0.0,0.0,1.0,0.0,1.0,2.0,3.0,0.0,1.0,1.0,1.0,2.0,0.0,3.0,3.0,3.0,1.0,2.0,0.0,0.0
Antonio Galina Filho,0.0,0.0,0.0,0.0,0.0,0.0,0.0,0.0,0.0,0.0,0.0,0.0,0.0,0.0,0.0,0.0,0.0,0.0,2.0,2.0,0.0,0.0,3.0,0.0,0.0,0.0,2.0,3.0,2.0,0.0,2.0,2.0,1.0,2.0,2.0,5.0,4.0,4.0,6.0,5.0,5.0,7.0,4.0,3.0,4.0,5.0,5.0,11.0,5.0,2.0,0.0
Masato Kobiyama,0.0,0.0,0.0,0.0,0.0,0.0,0.0,0.0,0.0,0.0,0.0,0.0,0.0,0.0,0.0,0.0,0.0,0.0,0.0,0.0,2.0,3.0,4.0,7.0,1.0,2.0,1.0,3.0,3.0,1.0,2.0,0.0,1.0,3.0,5.0,3.0,2.0,4.0,6.0,5.0,17.0,12.0,7.0,3.0,6.0,6.0,7.0,12.0,24.0,2.0,0.0
Aldo Merotto Junior,0.0,0.0,0.0,0.0,0.0,0.0,0.0,0.0,0.0,0.0,0.0,0.0,0.0,0.0,0.0,0.0,0.0,0.0,0.0,0.0,0.0,0.0,0.0,0.0,1.0,2.0,5.0,7.0,6.0,3.0,0.0,4.0,1.0,0.0,0.0,1.0,4.0,4.0,1.0,5.0,2.0,6.0,6.0,6.0,0.0,6.0,5.0,7.0,13.0,3.0,0.0
Riselane de Lucena Alcântara Bruno,0.0,0.0,0.0,0.0,0.0,0.0,0.0,1.0,0.0,0.0,0.0,0.0,0.0,0.0,0.0,0.0,0.0,0.0,2.0,0.0,0.0,1.0,1.0,0.0,0.0,0.0,4.0,6.0,8.0,3.0,5.0,6.0,8.0,13.0,11.0,11.0,15.0,11.0,10.0,16.0,5.0,9.0,5.0,6.0,11.0,10.0,11.0,14.0,10.0,4.0,0.0
Carlos Cesar Bof Bufon,0.0,0.0,0.0,0.0,0.0,0.0,0.0,0.0,0.0,0.0,0.0,0.0,0.0,0.0,0.0,0.0,0.0,0.0,0.0,0.0,0.0,0.0,0.0,0.0,0.0,0.0,0.0,1.0,1.0,0.0,0.0,0.0,1.0,1.0,1.0,1.0,2.0,4.0,3.0,4.0,2.0,4.0,0.0,4.0,7.0,7.0,3.0,9.0,9.0,0.0,0.0
Kamila Lockmann,0.0,0.0,0.0,0.0,0.0,0.0,0.0,0.0,0.0,0.0,0.0,0.0,0.0,0.0,0.0,0.0,0.0,0.0,0.0,0.0,0.0,0.0,0.0,0.0,0.0,0.0,0.0,0.0,0.0,0.0,0.0,0.0,1.0,0.0,0.0,1.0,0.0,4.0,0.0,3.0,5.0,2.0,1.0,4.0,2.0,3.0,4.0,7.0,3.0,2.0,0.0
Claudio Roberto Machado Benite,0.0,0.0,0.0,0.0,0.0,0.0,0.0,0.0,0.0,0.0,0.0,0.0,0.0,0.0,0.0,0.0,0.0,0.0,0.0,0.0,0.0,0.0,0.0,0.0,0.0,0.0,0.0,0.0,0.0,0.0,0.0,0.0,0.0,0.0,0.0,2.0,3.0,3.0,8.0,2.0,5.0,3.0,3.0,1.0,4.0,2.0,4.0,3.0,1.0,2.0,0.0
Carla Brenda Bonifazi,0.0,0.0,0.0,0.0,0.0,0.0,0.0,0.0,0.0,0.0,0.0,0.0,0.0,0.0,0.0,0.0,0.0,0.0,0.0,0.0,0.0,0.0,0.0,0.0,0.0,0.0,0.0,0.0,1.0,1.0,0.0,3.0,1.0,1.0,3.0,7.0,4.0,8.0,10.0,10.0,8.0,9.0,7.0,9.0,12.0,3.0,5.0,9.0,7.0,0.0,0.0
Fábio de Oliveira Pitta,0.0,0.0,0.0,0.0,0.0,0.0,0.0,0.0,0.0,0.0,0.0,0.0,0.0,0.0,0.0,0.0,0.0,0.0,0.0,0.0,0.0,0.0,0.0,0.0,0.0,0.0,0.0,1.0,0.0,0.0,2.0,4.0,3.0,4.0,1.0,8.0,7.0,6.0,8.0,8.0,11.0,16.0,12.0,7.0,17.0,11.0,9.0,12.0,16.0,7.0,0.0
Carla Luiza da Silva Ávila,0.0,0.0,0.0,0.0,0.0,0.0,0.0,0.0,0.0,0.0,0.0,0.0,0.0,0.0,0.0,0.0,0.0,0.0,0.0,0.0,0.0,0.0,0.0,0.0,0.0,0.0,0.0,0.0,0.0,0.0,1.0,0.0,0.0,1.0,0.0,1.0,5.0,2.0,1.0,2.0,2.0,8.0,0.0,3.0,5.0,2.0,3.0,3.0,3.0,2.0,0.0
André Passaglia Schuch,0.0,0.0,0.0,0.0,0.0,0.0,0.0,0.0,0.0,0.0,0.0,0.0,0.0,0.0,0.0,0.0,0.0,0.0,0.0,0.0,0.0,0.0,0.0,0.0,0.0,0.0,0.0,0.0,0.0,0.0,0.0,0.0,0.0,1.0,0.0,0.0,2.0,1.0,1.0,2.0,4.0,2.0,3.0,2.0,6.0,3.0,4.0,5.0,4.0,1.0,0.0
Marcelo Giordan Santos,0.0,0.0,0.0,0.0,0.0,0.0,0.0,0.0,0.0,0.0,0.0,0.0,0.0,0.0,0.0,0.0,0.0,0.0,0.0,2.0,0.0,0.0,1.0,1.0,3.0,3.0,2.0,1.0,0.0,1.0,1.0,2.0,6.0,1.0,3.0,1.0,7.0,1.0,1.0,2.0,3.0,5.0,2.0,1.0,5.0,2.0,4.0,3.0,3.0,1.0,0.0
Alexandre José Cichoski,0.0,0.0,0.0,0.0,0.0,0.0,0.0,0.0,0.0,0.0,0.0,0.0,0.0,0.0,0.0,0.0,0.0,0.0,0.0,0.0,0.0,0.0,1.0,2.0,2.0,0.0,1.0,3.0,2.0,2.0,2.0,6.0,7.0,8.0,3.0,3.0,3.0,1.0,9.0,6.0,3.0,5.0,6.0,5.0,12.0,11.0,12.0,19.0,10.0,6.0,0.0
Francisco Thiago Rocha Vasconcelos,0.0,0.0,0.0,0.0,0.0,0.0,0.0,0.0,0.0,0.0,0.0,0.0,0.0,0.0,0.0,0.0,0.0,0.0,0.0,0.0,0.0,0.0,0.0,0.0,0.0,0.0,0.0,0.0,0.0,0.0,0.0,0.0,0.0,0.0,0.0,0.0,0.0,1.0,4.0,1.0,1.0,1.0,3.0,1.0,1.0,1.0,1.0,1.0,3.0,5.0,0.0
Anderson Rodrigues Lima Caires,0.0,0.0,0.0,0.0,0.0,0.0,0.0,0.0,0.0,0.0,0.0,0.0,0.0,0.0,0.0,0.0,0.0,0.0,0.0,0.0,0.0,0.0,0.0,0.0,0.0,0.0,0.0,0.0,0.0,0.0,1.0,4.0,3.0,1.0,1.0,1.0,1.0,1.0,3.0,2.0,5.0,4.0,6.0,3.0,10.0,8.0,12.0,13.0,8.0,10.0,0.0
Aylton José Alves,0.0,0.0,0.0,0.0,0.0,0.0,0.0,0.0,0.0,0.0,0.0,0.0,0.0,0.0,0.0,0.0,0.0,0.0,0.0,0.0,0.0,0.0,0.0,0.0,0.0,0.0,0.0,0.0,0.0,1.0,0.0,0.0,0.0,1.0,0.0,0.0,1.0,1.0,2.0,1.0,2.0,7.0,3.0,7.0,5.0,2.0,0.0,1.0,0.0,0.0,0.0
Carla Eiras,0.0,0.0,0.0,0.0,0.0,0.0,0.0,0.0,0.0,0.0,0.0,0.0,0.0,0.0,0.0,0.0,0.0,0.0,0.0,0.0,0.0,0.0,0.0,0.0,0.0,0.0,0.0,0.0,0.0,2.0,1.0,1.0,0.0,0.0,3.0,0.0,1.0,1.0,1.0,4.0,4.0,4.0,4.0,6.0,1.0,8.0,3.0,7.0,2.0,1.0,0.0
Alsones Balestrin,0.0,0.0,0.0,0.0,0.0,0.0,0.0,0.0,0.0,0.0,0.0,0.0,0.0,0.0,0.0,0.0,0.0,0.0,0.0,0.0,0.0,0.0,0.0,0.0,0.0,1.0,0.0,0.0,0.0,2.0,0.0,3.0,2.0,3.0,4.0,3.0,0.0,3.0,2.0,1.0,1.0,4.0,3.0,4.0,4.0,3.0,6.0,2.0,2.0,0.0,0.0
Anderson Luiz Ribeiro de Paiva,0.0,0.0,0.0,0.0,0.0,0.0,0.0,0.0,0.0,0.0,0.0,0.0,0.0,0.0,0.0,0.0,0.0,0.0,0.0,0.0,0.0,0.0,0.0,0.0,0.0,0.0,0.0,0.0,0.0,1.0,0.0,0.0,0.0,0.0,0.0,1.0,1.0,1.0,0.0,1.0,2.0,0.0,3.0,2.0,2.0,6.0,3.0,3.0,3.0,2.0,0.0
André Luís Faria e Silva,0.0,0.0,0.0,0.0,0.0,0.0,0.0,0.0,0.0,0.0,0.0,0.0,0.0,0.0,0.0,0.0,0.0,0.0,0.0,0.0,0.0,0.0,0.0,0.0,0.0,0.0,0.0,0.0,0.0,0.0,0.0,0.0,0.0,4.0,3.0,4.0,9.0,9.0,7.0,15.0,10.0,16.0,9.0,7.0,14.0,16.0,8.0,10.0,7.0,3.0,0.0
Laercio Ricardo Sartor,0.0,0.0,0.0,0.0,0.0,0.0,0.0,0.0,0.0,0.0,0.0,0.0,0.0,0.0,0.0,0.0,0.0,0.0,0.0,0.0,0.0,0.0,0.0,0.0,0.0,0.0,0.0,0.0,0.0,0.0,0.0,0.0,0.0,3.0,3.0,0.0,2.0,4.0,2.0,2.0,2.0,2.0,3.0,1.0,6.0,6.0,6.0,4.0,3.0,0.0,0.0
Regina Zilberman,0.0,0.0,0.0,0.0,3.0,1.0,4.0,7.0,4.0,6.0,6.0,4.0,10.0,8.0,5.0,6.0,4.0,4.0,3.0,2.0,8.0,5.0,4.0,5.0,14.0,10.0,6.0,7.0,8.0,5.0,10.0,8.0,8.0,12.0,12.0,11.0,7.0,8.0,8.0,8.0,4.0,6.0,6.0,6.0,10.0,3.0,5.0,5.0,2.0,0.0,0.0
Adriana Nunes Correia,0.0,0.0,0.0,0.0,0.0,0.0,0.0,0.0,0.0,0.0,0.0,0.0,0.0,0.0,0.0,0.0,0.0,0.0,0.0,0.0,1.0,1.0,2.0,1.0,3.0,2.0,2.0,3.0,0.0,0.0,2.0,0.0,2.0,5.0,2.0,2.0,1.0,5.0,7.0,3.0,9.0,6.0,4.0,6.0,9.0,10.0,5.0,6.0,4.0,6.0,0.0
Antonio Otavio de Toledo Patrocinio,0.0,0.0,0.0,0.0,0.0,0.0,0.0,0.0,0.0,0.0,0.0,0.0,0.0,0.0,0.0,0.0,0.0,0.0,0.0,0.0,0.0,0.0,0.0,0.0,0.0,0.0,0.0,0.0,0.0,0.0,0.0,0.0,0.0,1.0,1.0,4.0,4.0,3.0,2.0,1.0,1.0,6.0,5.0,4.0,4.0,10.0,5.0,6.0,4.0,4.0,0.0
Adriano do Nascimento Simoes,0.0,0.0,0.0,0.0,0.0,0.0,0.0,0.0,0.0,0.0,0.0,0.0,0.0,0.0,0.0,0.0,0.0,0.0,0.0,0.0,0.0,0.0,0.0,0.0,0.0,0.0,0.0,3.0,3.0,0.0,0.0,2.0,1.0,0.0,1.0,0.0,1.0,3.0,1.0,0.0,4.0,8.0,3.0,1.0,9.0,7.0,6.0,2.0,4.0,2.0,0.0
Alexandre Street de Aguiar,0.0,0.0,0.0,0.0,0.0,0.0,0.0,0.0,0.0,0.0,0.0,0.0,0.0,0.0,0.0,0.0,0.0,0.0,0.0,0.0,0.0,0.0,0.0,0.0,0.0,0.0,0.0,0.0,0.0,0.0,0.0,0.0,0.0,0.0,0.0,1.0,1.0,2.0,2.0,1.0,1.0,5.0,3.0,2.0,8.0,6.0,3.0,7.0,5.0,3.0,0.0
Isabel Cristina Sobreira Machado,0.0,0.0,0.0,0.0,0.0,0.0,0.0,0.0,0.0,0.0,1.0,0.0,0.0,0.0,2.0,0.0,0.0,0.0,1.0,0.0,0.0,0.0,1.0,2.0,3.0,4.0,4.0,4.0,4.0,3.0,1.0,7.0,4.0,4.0,9.0,3.0,4.0,3.0,4.0,4.0,10.0,5.0,3.0,5.0,7.0,7.0,6.0,7.0,12.0,8.0,0.0
Camila Fernandes Corrêa,0.0,0.0,0.0,0.0,0.0,0.0,0.0,0.0,0.0,0.0,0.0,0.0,0.0,0.0,0.0,0.0,0.0,0.0,0.0,0.0,0.0,0.0,0.0,0.0,0.0,0.0,0.0,0.0,0.0,0.0,0.0,0.0,0.0,0.0,1.0,4.0,5.0,2.0,4.0,1.0,1.0,1.0,0.0,0.0,2.0,2.0,1.0,2.0,0.0,1.0,0.0
Octavio Luiz Franco,0.0,0.0,0.0,0.0,0.0,0.0,0.0,0.0,0.0,0.0,0.0,0.0,0.0,0.0,0.0,0.0,0.0,0.0,0.0,0.0,0.0,0.0,0.0,0.0,0.0,0.0,3.0,3.0,1.0,5.0,4.0,3.0,9.0,9.0,11.0,11.0,7.0,13.0,13.0,29.0,31.0,38.0,33.0,39.0,40.0,31.0,37.0,39.0,40.0,17.0,0.0
Artur José Santos Mascarenhas,0.0,0.0,0.0,0.0,0.0,0.0,0.0,0.0,0.0,0.0,0.0,0.0,0.0,0.0,0.0,0.0,0.0,0.0,0.0,0.0,0.0,0.0,0.0,0.0,0.0,2.0,0.0,1.0,3.0,2.0,0.0,0.0,1.0,2.0,1.0,2.0,0.0,5.0,1.0,1.0,3.0,4.0,1.0,4.0,3.0,5.0,1.0,3.0,1.0,0.0,0.0
André Luiz Paulilo,0.0,0.0,0.0,0.0,0.0,0.0,0.0,0.0,0.0,0.0,0.0,0.0,0.0,0.0,0.0,0.0,0.0,0.0,0.0,0.0,0.0,0.0,0.0,0.0,0.0,0.0,0.0,1.0,0.0,2.0,3.0,5.0,2.0,1.0,1.0,0.0,1.0,3.0,6.0,4.0,4.0,1.0,4.0,2.0,5.0,2.0,4.0,2.0,0.0,0.0,0.0
Paulo Gabriel Hilu da Rocha Pinto,0.0,0.0,0.0,0.0,0.0,0.0,0.0,0.0,0.0,0.0,0.0,0.0,0.0,0.0,0.0,0.0,0.0,0.0,0.0,0.0,0.0,0.0,1.0,0.0,1.0,0.0,0.0,1.0,0.0,1.0,1.0,0.0,5.0,4.0,2.0,0.0,1.0,2.0,3.0,0.0,0.0,0.0,2.0,5.0,2.0,3.0,1.0,0.0,0.0,0.0,0.0
Anielson Barbosa da Silva,0.0,0.0,0.0,0.0,0.0,0.0,0.0,0.0,0.0,0.0,0.0,0.0,0.0,0.0,0.0,0.0,0.0,0.0,0.0,0.0,0.0,0.0,0.0,2.0,0.0,4.0,3.0,3.0,1.0,0.0,1.0,0.0,3.0,2.0,3.0,1.0,3.0,2.0,7.0,5.0,5.0,7.0,4.0,2.0,6.0,7.0,7.0,4.0,1.0,4.0,0.0
Anne Magaly de Paula Canuto,0.0,0.0,0.0,0.0,0.0,0.0,0.0,0.0,0.0,0.0,0.0,0.0,0.0,0.0,0.0,0.0,0.0,0.0,0.0,0.0,0.0,0.0,0.0,0.0,0.0,0.0,1.0,2.0,1.0,0.0,2.0,0.0,0.0,1.0,2.0,2.0,0.0,0.0,4.0,1.0,3.0,4.0,3.0,2.0,2.0,6.0,3.0,6.0,3.0,2.0,0.0
Aderbal Silva Aguiar Junior,0.0,0.0,0.0,0.0,0.0,0.0,0.0,0.0,0.0,0.0,0.0,0.0,0.0,0.0,0.0,0.0,0.0,0.0,0.0,0.0,0.0,0.0,0.0,0.0,0.0,0.0,0.0,0.0,0.0,0.0,0.0,3.0,0.0,0.0,2.0,4.0,2.0,4.0,5.0,4.0,6.0,4.0,0.0,6.0,3.0,7.0,5.0,3.0,7.0,0.0,0.0
Antonio Angelo Martins da Fonseca,0.0,0.0,0.0,0.0,0.0,0.0,0.0,0.0,0.0,0.0,0.0,0.0,0.0,0.0,0.0,1.0,1.0,1.0,0.0,1.0,0.0,0.0,0.0,1.0,0.0,0.0,1.0,1.0,2.0,0.0,1.0,0.0,1.0,0.0,1.0,2.0,0.0,0.0,1.0,1.0,0.0,0.0,0.0,0.0,2.0,0.0,2.0,2.0,1.0,2.0,0.0
Adriane Xavier Arteche,0.0,0.0,0.0,0.0,0.0,0.0,0.0,0.0,0.0,0.0,0.0,0.0,0.0,0.0,0.0,0.0,0.0,0.0,0.0,0.0,0.0,0.0,0.0,0.0,0.0,1.0,1.0,0.0,0.0,0.0,2.0,0.0,0.0,3.0,0.0,7.0,4.0,7.0,5.0,4.0,2.0,7.0,5.0,4.0,1.0,3.0,6.0,2.0,4.0,1.0,0.0
Liliany Souza de Brito Amaral,0.0,0.0,0.0,0.0,0.0,0.0,0.0,0.0,0.0,0.0,0.0,0.0,0.0,0.0,0.0,0.0,0.0,0.0,0.0,0.0,0.0,0.0,0.0,0.0,0.0,0.0,0.0,0.0,0.0,0.0,0.0,0.0,0.0,0.0,0.0,0.0,0.0,0.0,0.0,0.0,0.0,2.0,0.0,1.0,0.0,1.0,2.0,1.0,1.0,0.0,0.0
Renan Pereira Monteiro,0.0,0.0,0.0,0.0,0.0,0.0,0.0,0.0,0.0,0.0,0.0,0.0,0.0,0.0,0.0,0.0,0.0,0.0,0.0,0.0,0.0,0.0,0.0,0.0,0.0,0.0,0.0,0.0,0.0,0.0,0.0,0.0,0.0,0.0,0.0,0.0,0.0,0.0,0.0,0.0,0.0,0.0,4.0,3.0,6.0,9.0,2.0,9.0,11.0,6.0,0.0
Aderval Severino Luna,0.0,0.0,0.0,0.0,0.0,0.0,0.0,0.0,0.0,0.0,0.0,0.0,0.0,0.0,0.0,0.0,0.0,0.0,0.0,0.0,0.0,0.0,0.0,0.0,0.0,0.0,1.0,1.0,0.0,4.0,2.0,2.0,1.0,3.0,5.0,7.0,2.0,3.0,4.0,5.0,8.0,5.0,7.0,2.0,6.0,7.0,6.0,8.0,5.0,7.0,0.0
Berenice Alves de Melo Bento,0.0,0.0,0.0,0.0,0.0,0.0,0.0,0.0,0.0,0.0,0.0,0.0,0.0,0.0,0.0,0.0,0.0,0.0,0.0,0.0,0.0,0.0,0.0,0.0,1.0,1.0,1.0,1.0,1.0,1.0,0.0,2.0,2.0,0.0,1.0,1.0,2.0,1.0,1.0,6.0,2.0,6.0,4.0,3.0,7.0,3.0,1.0,1.0,4.0,1.0,0.0
Carlos Alberto Olarte Vega,0.0,0.0,0.0,0.0,0.0,0.0,0.0,0.0,0.0,0.0,0.0,0.0,0.0,0.0,0.0,0.0,0.0,0.0,0.0,0.0,0.0,0.0,0.0,0.0,0.0,0.0,0.0,0.0,0.0,0.0,0.0,0.0,0.0,1.0,0.0,0.0,0.0,0.0,0.0,0.0,2.0,3.0,5.0,1.0,4.0,2.0,1.0,2.0,1.0,0.0,0.0
Alexandre Christofaro Silva,0.0,0.0,0.0,0.0,0.0,0.0,0.0,0.0,0.0,0.0,0.0,0.0,0.0,0.0,0.0,0.0,0.0,0.0,1.0,1.0,2.0,1.0,0.0,2.0,2.0,3.0,5.0,1.0,0.0,3.0,1.0,1.0,0.0,1.0,2.0,1.0,2.0,3.0,6.0,4.0,4.0,8.0,4.0,8.0,9.0,7.0,3.0,6.0,5.0,8.0,0.0
Josivan Gomes de Lima,0.0,0.0,0.0,0.0,0.0,0.0,0.0,0.0,0.0,0.0,0.0,0.0,0.0,0.0,0.0,0.0,0.0,0.0,0.0,0.0,0.0,0.0,0.0,1.0,1.0,4.0,0.0,6.0,2.0,12.0,16.0,6.0,16.0,2.0,1.0,1.0,1.0,0.0,2.0,2.0,2.0,0.0,3.0,6.0,3.0,10.0,3.0,5.0,5.0,1.0,0.0
Carlile Campos Lavor,0.0,0.0,0.0,0.0,0.0,0.0,0.0,0.0,0.0,0.0,0.0,0.0,0.0,0.0,0.0,0.0,0.0,0.0,0.0,0.0,0.0,0.0,0.0,0.0,0.0,0.0,0.0,0.0,0.0,0.0,1.0,2.0,2.0,0.0,3.0,4.0,4.0,4.0,3.0,6.0,5.0,6.0,4.0,4.0,6.0,7.0,6.0,5.0,6.0,5.0,0.0
Ana Carolina Amorim Orrico,0.0,0.0,0.0,0.0,0.0,0.0,0.0,0.0,0.0,0.0,0.0,0.0,0.0,0.0,0.0,0.0,0.0,0.0,0.0,0.0,0.0,0.0,0.0,0.0,0.0,0.0,0.0,0.0,0.0,0.0,0.0,1.0,1.0,0.0,3.0,0.0,3.0,4.0,6.0,6.0,3.0,6.0,5.0,9.0,5.0,4.0,3.0,3.0,3.0,7.0,0.0
Roberto Carvalheiro,0.0,0.0,0.0,0.0,0.0,0.0,0.0,0.0,0.0,0.0,0.0,0.0,0.0,0.0,0.0,0.0,0.0,0.0,0.0,0.0,0.0,0.0,0.0,0.0,2.0,0.0,1.0,0.0,1.0,1.0,0.0,1.0,2.0,2.0,3.0,0.0,3.0,1.0,2.0,6.0,2.0,6.0,9.0,13.0,14.0,14.0,13.0,12.0,6.0,0.0,0.0
Ana Lucia Figueiredo Porto,0.0,0.0,0.0,0.0,0.0,0.0,0.0,0.0,0.0,0.0,0.0,0.0,0.0,0.0,0.0,0.0,0.0,0.0,0.0,0.0,0.0,0.0,0.0,1.0,1.0,0.0,2.0,3.0,2.0,5.0,5.0,8.0,6.0,8.0,4.0,6.0,14.0,8.0,21.0,14.0,12.0,14.0,5.0,24.0,21.0,14.0,19.0,32.0,20.0,12.0,0.0
Ana Paula Badan Ribeiro,0.0,0.0,0.0,0.0,0.0,0.0,0.0,0.0,0.0,0.0,0.0,0.0,0.0,0.0,0.0,0.0,0.0,0.0,0.0,0.0,0.0,0.0,0.0,0.0,0.0,0.0,0.0,0.0,0.0,0.0,0.0,0.0,2.0,2.0,2.0,2.0,7.0,1.0,0.0,2.0,5.0,3.0,7.0,2.0,6.0,11.0,10.0,16.0,15.0,8.0,0.0
Arnaldo César Pereira,0.0,0.0,0.0,0.0,0.0,0.0,0.0,0.0,0.0,0.0,0.0,0.0,0.0,0.0,0.0,0.0,0.0,0.0,0.0,0.0,0.0,0.0,0.0,0.0,0.0,0.0,0.0,0.0,1.0,3.0,2.0,1.0,0.0,2.0,3.0,0.0,3.0,2.0,1.0,2.0,5.0,3.0,3.0,7.0,3.0,11.0,8.0,7.0,9.0,7.0,0.0
Bernardo Petriz de Assis,0.0,0.0,0.0,0.0,0.0,0.0,0.0,0.0,0.0,0.0,0.0,0.0,0.0,0.0,0.0,0.0,0.0,0.0,0.0,0.0,0.0,0.0,0.0,0.0,0.0,0.0,0.0,0.0,0.0,0.0,0.0,0.0,0.0,0.0,0.0,0.0,0.0,1.0,1.0,6.0,4.0,5.0,3.0,1.0,3.0,1.0,3.0,3.0,2.0,3.0,0.0
Ahyas Siss,0.0,0.0,0.0,0.0,0.0,0.0,0.0,0.0,0.0,0.0,0.0,0.0,0.0,0.0,0.0,0.0,0.0,0.0,0.0,0.0,0.0,0.0,0.0,0.0,1.0,0.0,0.0,0.0,1.0,1.0,0.0,0.0,0.0,0.0,1.0,2.0,3.0,5.0,1.0,1.0,3.0,2.0,2.0,2.0,0.0,0.0,1.0,3.0,0.0,0.0,0.0
Francisco Ângelo Coutinho,0.0,0.0,0.0,0.0,0.0,0.0,0.0,0.0,0.0,0.0,0.0,0.0,0.0,0.0,0.0,0.0,0.0,0.0,0.0,0.0,0.0,0.0,0.0,0.0,0.0,1.0,1.0,0.0,1.0,1.0,1.0,2.0,0.0,0.0,2.0,0.0,8.0,9.0,4.0,8.0,4.0,11.0,3.0,7.0,4.0,5.0,1.0,1.0,2.0,4.0,0.0
Suely Ferreira Deslandes,0.0,0.0,0.0,0.0,0.0,0.0,0.0,0.0,0.0,0.0,0.0,0.0,0.0,0.0,0.0,0.0,0.0,0.0,0.0,0.0,0.0,3.0,0.0,0.0,1.0,3.0,5.0,2.0,2.0,2.0,2.0,3.0,7.0,3.0,0.0,7.0,5.0,9.0,7.0,4.0,2.0,3.0,6.0,7.0,2.0,3.0,3.0,9.0,5.0,2.0,0.0
Aline de Souza Pagnussat,0.0,0.0,0.0,0.0,0.0,0.0,0.0,0.0,0.0,0.0,0.0,0.0,0.0,0.0,0.0,0.0,0.0,0.0,0.0,0.0,0.0,0.0,0.0,0.0,0.0,0.0,0.0,1.0,0.0,0.0,0.0,0.0,1.0,0.0,1.0,2.0,1.0,0.0,1.0,8.0,1.0,4.0,2.0,4.0,7.0,9.0,12.0,4.0,3.0,2.0,0.0
Daniel Pasquini,0.0,0.0,0.0,0.0,0.0,0.0,0.0,0.0,0.0,0.0,0.0,0.0,0.0,0.0,0.0,0.0,0.0,0.0,0.0,0.0,0.0,0.0,0.0,0.0,0.0,0.0,0.0,1.0,0.0,1.0,0.0,0.0,4.0,1.0,3.0,3.0,3.0,1.0,1.0,3.0,5.0,2.0,6.0,2.0,8.0,10.0,11.0,14.0,8.0,9.0,0.0
Carlos Alberto Martinez Huitle,0.0,0.0,0.0,0.0,0.0,0.0,0.0,0.0,0.0,0.0,0.0,0.0,0.0,0.0,0.0,0.0,0.0,0.0,0.0,0.0,0.0,0.0,0.0,0.0,0.0,0.0,1.0,0.0,0.0,0.0,0.0,2.0,4.0,5.0,4.0,11.0,9.0,6.0,12.0,19.0,12.0,24.0,17.0,14.0,23.0,25.0,21.0,27.0,30.0,8.0,0.0
Carlos Magluta,0.0,0.0,0.0,0.0,0.0,0.0,0.0,0.0,0.0,0.0,0.0,0.0,0.0,0.0,0.0,0.0,0.0,0.0,0.0,2.0,1.0,0.0,0.0,2.0,0.0,0.0,2.0,0.0,1.0,1.0,2.0,1.0,1.0,1.0,0.0,1.0,2.0,1.0,2.0,2.0,1.0,1.0,5.0,1.0,2.0,1.0,1.0,0.0,3.0,2.0,0.0
Miriam Mabel Selani,0.0,0.0,0.0,0.0,0.0,0.0,0.0,0.0,0.0,0.0,0.0,0.0,0.0,0.0,0.0,0.0,0.0,0.0,0.0,0.0,0.0,0.0,0.0,0.0,0.0,0.0,0.0,0.0,0.0,0.0,0.0,0.0,0.0,0.0,0.0,0.0,0.0,0.0,2.0,0.0,1.0,1.0,3.0,4.0,0.0,6.0,7.0,5.0,10.0,2.0,0.0
Alberto Ferreira da Rocha Junior,0.0,0.0,0.0,0.0,0.0,0.0,0.0,0.0,0.0,0.0,0.0,0.0,0.0,0.0,0.0,0.0,1.0,0.0,0.0,0.0,0.0,1.0,2.0,2.0,2.0,0.0,2.0,3.0,1.0,0.0,3.0,3.0,0.0,1.0,2.0,1.0,0.0,0.0,0.0,1.0,1.0,0.0,2.0,1.0,2.0,1.0,2.0,0.0,2.0,0.0,0.0
Teresa Bernarda Ludermir,0.0,0.0,0.0,0.0,0.0,0.0,0.0,0.0,0.0,0.0,0.0,0.0,0.0,0.0,0.0,0.0,0.0,1.0,1.0,1.0,0.0,1.0,0.0,0.0,1.0,1.0,4.0,0.0,3.0,2.0,5.0,2.0,5.0,2.0,2.0,7.0,1.0,2.0,4.0,4.0,5.0,2.0,5.0,10.0,6.0,2.0,5.0,3.0,4.0,2.0,0.0
Yuan Jinyun,0.0,0.0,0.0,0.0,0.0,0.0,0.0,0.0,0.0,0.0,0.0,0.0,1.0,1.0,1.0,0.0,1.0,2.0,2.0,2.0,1.0,2.0,0.0,7.0,1.0,4.0,5.0,6.0,3.0,4.0,5.0,3.0,2.0,5.0,1.0,3.0,1.0,0.0,4.0,1.0,6.0,10.0,8.0,8.0,7.0,8.0,4.0,7.0,0.0,0.0,0.0
Rafaela Schaefer,0.0,0.0,0.0,0.0,0.0,0.0,0.0,0.0,0.0,0.0,0.0,0.0,0.0,0.0,0.0,0.0,0.0,0.0,0.0,0.0,0.0,0.0,0.0,0.0,0.0,0.0,0.0,0.0,0.0,0.0,0.0,0.0,0.0,0.0,0.0,0.0,0.0,0.0,1.0,2.0,1.0,3.0,1.0,3.0,3.0,4.0,0.0,2.0,1.0,2.0,0.0
Aguinaldo Silva,0.0,0.0,0.0,0.0,0.0,0.0,0.0,0.0,0.0,0.0,0.0,0.0,0.0,0.0,0.0,0.0,0.0,0.0,0.0,0.0,0.0,0.0,0.0,0.0,0.0,0.0,0.0,0.0,0.0,0.0,0.0,0.0,0.0,0.0,2.0,4.0,5.0,1.0,5.0,2.0,0.0,2.0,3.0,2.0,7.0,5.0,11.0,2.0,1.0,2.0,0.0
Leonardo Affonso de Miranda Pereira,0.0,0.0,0.0,0.0,0.0,0.0,0.0,0.0,0.0,0.0,0.0,0.0,0.0,0.0,0.0,0.0,0.0,0.0,0.0,0.0,1.0,1.0,0.0,0.0,2.0,0.0,0.0,1.0,0.0,1.0,0.0,1.0,0.0,1.0,1.0,1.0,0.0,0.0,0.0,3.0,1.0,0.0,2.0,2.0,1.0,1.0,1.0,0.0,2.0,1.0,0.0
Katia Regina Garcia Punhagui,0.0,0.0,0.0,0.0,0.0,0.0,0.0,0.0,0.0,0.0,0.0,0.0,0.0,0.0,0.0,0.0,0.0,0.0,0.0,0.0,0.0,0.0,0.0,0.0,0.0,0.0,0.0,0.0,0.0,0.0,0.0,0.0,0.0,0.0,0.0,0.0,0.0,0.0,2.0,2.0,0.0,0.0,0.0,0.0,0.0,0.0,0.0,2.0,3.0,1.0,0.0
Carlos Roberto de Souza Filho,0.0,0.0,0.0,0.0,0.0,0.0,0.0,0.0,0.0,0.0,0.0,0.0,0.0,0.0,0.0,0.0,0.0,0.0,1.0,0.0,1.0,0.0,0.0,1.0,2.0,4.0,0.0,2.0,2.0,2.0,11.0,7.0,2.0,6.0,7.0,13.0,8.0,7.0,10.0,8.0,6.0,5.0,7.0,10.0,6.0,9.0,14.0,7.0,4.0,7.0,0.0
André Ricardo Fajardo,0.0,0.0,0.0,0.0,0.0,0.0,0.0,0.0,0.0,0.0,0.0,0.0,0.0,0.0,0.0,0.0,0.0,0.0,0.0,0.0,0.0,0.0,0.0,0.0,0.0,0.0,0.0,0.0,0.0,0.0,0.0,0.0,0.0,0.0,1.0,0.0,1.0,3.0,4.0,10.0,8.0,1.0,3.0,1.0,10.0,6.0,10.0,10.0,12.0,3.0,0.0
Carlos Eduardo Ambrósio,0.0,0.0,0.0,0.0,0.0,0.0,0.0,0.0,0.0,0.0,0.0,0.0,0.0,0.0,0.0,0.0,0.0,0.0,0.0,0.0,0.0,0.0,0.0,0.0,0.0,0.0,0.0,4.0,8.0,5.0,24.0,4.0,5.0,8.0,18.0,12.0,22.0,19.0,23.0,26.0,24.0,25.0,15.0,17.0,16.0,11.0,12.0,11.0,8.0,4.0,0.0
Belmira Lara da Silveira Andrade da Costa,0.0,0.0,0.0,0.0,0.0,0.0,0.0,0.0,0.0,0.0,0.0,0.0,0.0,0.0,1.0,1.0,1.0,0.0,0.0,0.0,0.0,0.0,0.0,0.0,2.0,0.0,0.0,2.0,1.0,0.0,1.0,1.0,2.0,2.0,0.0,1.0,3.0,2.0,1.0,4.0,3.0,2.0,2.0,3.0,1.0,6.0,2.0,3.0,4.0,1.0,0.0
Armando de Menezes Neto,0.0,0.0,0.0,0.0,0.0,0.0,0.0,0.0,0.0,0.0,0.0,0.0,0.0,0.0,0.0,0.0,0.0,0.0,0.0,0.0,0.0,0.0,0.0,0.0,0.0,0.0,0.0,0.0,0.0,0.0,0.0,0.0,0.0,0.0,0.0,0.0,0.0,0.0,1.0,1.0,1.0,1.0,2.0,2.0,4.0,1.0,1.0,4.0,2.0,0.0,0.0
Ana Cristina Garcia Dias,0.0,0.0,0.0,0.0,0.0,0.0,0.0,0.0,0.0,0.0,0.0,0.0,0.0,0.0,0.0,0.0,0.0,0.0,0.0,0.0,0.0,0.0,0.0,0.0,1.0,0.0,1.0,1.0,1.0,0.0,6.0,4.0,2.0,2.0,2.0,3.0,3.0,5.0,13.0,14.0,12.0,17.0,13.0,11.0,8.0,8.0,4.0,8.0,10.0,2.0,0.0
Marcos Paz Saraiva Câmara,0.0,0.0,0.0,0.0,0.0,0.0,0.0,0.0,0.0,0.0,0.0,0.0,0.0,0.0,0.0,0.0,0.0,0.0,0.0,0.0,1.0,1.0,1.0,0.0,0.0,1.0,1.0,1.0,1.0,3.0,1.0,0.0,1.0,0.0,0.0,3.0,1.0,5.0,1.0,3.0,9.0,6.0,4.0,4.0,7.0,9.0,7.0,12.0,11.0,6.0,0.0
Alisson Carraro Borges,0.0,0.0,0.0,0.0,0.0,0.0,0.0,0.0,0.0,0.0,0.0,0.0,0.0,0.0,0.0,0.0,0.0,0.0,0.0,0.0,0.0,0.0,0.0,0.0,0.0,0.0,0.0,0.0,0.0,0.0,0.0,2.0,0.0,0.0,1.0,0.0,3.0,6.0,1.0,8.0,6.0,2.0,5.0,5.0,9.0,13.0,5.0,16.0,16.0,10.0,0.0
Arnaldo da Costa Faro Junior,0.0,0.0,0.0,0.0,0.0,0.0,0.0,0.0,0.0,0.0,0.0,0.0,0.0,0.0,0.0,0.0,1.0,0.0,1.0,0.0,0.0,0.0,0.0,0.0,1.0,1.0,1.0,1.0,1.0,1.0,2.0,1.0,0.0,5.0,2.0,3.0,1.0,5.0,3.0,2.0,5.0,5.0,2.0,2.0,4.0,1.0,2.0,0.0,2.0,0.0,0.0
Danilo Akio de Sousa Esashika,0.0,0.0,0.0,0.0,0.0,0.0,0.0,0.0,0.0,0.0,0.0,0.0,0.0,0.0,0.0,0.0,0.0,0.0,0.0,0.0,0.0,0.0,0.0,0.0,0.0,0.0,0.0,0.0,0.0,0.0,0.0,0.0,0.0,0.0,0.0,0.0,0.0,0.0,0.0,0.0,0.0,0.0,0.0,1.0,0.0,1.0,1.0,1.0,0.0,0.0,0.0
Andréa Luisa Zhouri Laschefski,0.0,0.0,0.0,0.0,0.0,0.0,0.0,0.0,0.0,0.0,0.0,0.0,0.0,0.0,0.0,0.0,0.0,0.0,0.0,1.0,1.0,0.0,0.0,1.0,0.0,0.0,0.0,1.0,3.0,1.0,1.0,2.0,1.0,2.0,3.0,2.0,0.0,2.0,0.0,3.0,2.0,1.0,2.0,2.0,2.0,1.0,2.0,3.0,1.0,0.0,0.0
Patrícia Severo do Nascimento,0.0,0.0,0.0,0.0,0.0,0.0,0.0,0.0,0.0,0.0,0.0,0.0,0.0,0.0,0.0,0.0,0.0,0.0,0.0,0.0,0.0,0.0,0.0,0.0,0.0,0.0,0.0,0.0,0.0,0.0,0.0,0.0,1.0,0.0,0.0,1.0,0.0,3.0,6.0,2.0,4.0,2.0,0.0,1.0,1.0,1.0,2.0,0.0,0.0,0.0,0.0
Vanessa Carla Furtado Mosqueira,0.0,0.0,0.0,0.0,0.0,0.0,0.0,0.0,0.0,0.0,0.0,0.0,0.0,0.0,0.0,0.0,0.0,0.0,0.0,0.0,0.0,0.0,0.0,2.0,0.0,0.0,2.0,2.0,4.0,0.0,1.0,1.0,2.0,1.0,2.0,2.0,1.0,2.0,2.0,1.0,2.0,4.0,2.0,2.0,9.0,6.0,4.0,6.0,7.0,2.0,0.0
André Luís Condino Fujarra,0.0,0.0,0.0,0.0,0.0,0.0,0.0,0.0,0.0,0.0,0.0,0.0,0.0,0.0,0.0,0.0,0.0,0.0,0.0,0.0,0.0,0.0,0.0,0.0,0.0,0.0,0.0,1.0,1.0,0.0,0.0,0.0,0.0,1.0,0.0,1.0,1.0,3.0,1.0,6.0,4.0,2.0,2.0,0.0,0.0,3.0,0.0,3.0,3.0,3.0,0.0
Guilherme Baldo,0.0,0.0,0.0,0.0,0.0,0.0,0.0,0.0,0.0,0.0,0.0,0.0,0.0,0.0,0.0,0.0,0.0,0.0,0.0,0.0,0.0,0.0,0.0,0.0,0.0,0.0,0.0,0.0,0.0,0.0,0.0,1.0,0.0,0.0,0.0,6.0,0.0,3.0,3.0,6.0,5.0,6.0,7.0,3.0,7.0,15.0,3.0,11.0,12.0,2.0,0.0
Roberta Andrejew Caetano,0.0,0.0,0.0,0.0,0.0,0.0,0.0,0.0,0.0,0.0,0.0,0.0,0.0,0.0,0.0,0.0,0.0,0.0,0.0,0.0,0.0,0.0,0.0,0.0,0.0,0.0,0.0,0.0,0.0,0.0,0.0,0.0,0.0,0.0,0.0,0.0,0.0,0.0,0.0,0.0,0.0,0.0,0.0,0.0,1.0,0.0,1.0,3.0,6.0,1.0,0.0
Jayr de Amorim Filho,0.0,0.0,0.0,0.0,0.0,0.0,0.0,0.0,0.0,0.0,0.0,0.0,0.0,0.0,0.0,0.0,1.0,0.0,1.0,0.0,0.0,1.0,2.0,3.0,2.0,2.0,2.0,1.0,2.0,1.0,0.0,3.0,4.0,2.0,1.0,5.0,3.0,3.0,4.0,3.0,7.0,6.0,3.0,4.0,1.0,3.0,3.0,4.0,4.0,1.0,0.0
Jader dos Santos Cruz,0.0,0.0,0.0,0.0,0.0,0.0,0.0,0.0,0.0,0.0,0.0,0.0,0.0,0.0,0.0,0.0,0.0,0.0,2.0,0.0,3.0,2.0,0.0,0.0,1.0,6.0,6.0,9.0,3.0,5.0,4.0,3.0,1.0,5.0,5.0,2.0,8.0,12.0,9.0,6.0,8.0,8.0,7.0,4.0,10.0,2.0,9.0,9.0,8.0,4.0,0.0
Alexandre Braga da Rocha,0.0,0.0,0.0,0.0,0.0,0.0,0.0,0.0,0.0,0.0,0.0,0.0,0.0,0.0,0.0,0.0,0.0,0.0,0.0,0.0,0.0,0.0,0.0,0.0,0.0,1.0,1.0,3.0,3.0,3.0,3.0,3.0,4.0,2.0,4.0,3.0,1.0,4.0,6.0,9.0,5.0,5.0,2.0,8.0,5.0,7.0,9.0,6.0,1.0,2.0,0.0
Niklaus Ursus Wetter,0.0,0.0,0.0,0.0,0.0,0.0,0.0,0.0,0.0,0.0,0.0,0.0,0.0,0.0,0.0,0.0,0.0,0.0,0.0,1.0,1.0,1.0,0.0,1.0,0.0,3.0,2.0,2.0,7.0,12.0,11.0,11.0,6.0,4.0,4.0,7.0,4.0,11.0,3.0,6.0,4.0,6.0,4.0,1.0,3.0,8.0,2.0,4.0,6.0,3.0,0.0
Beatriz Rosana Gonçalves de Oliveira Toso,0.0,0.0,0.0,0.0,0.0,0.0,0.0,0.0,0.0,0.0,0.0,0.0,0.0,0.0,0.0,0.0,0.0,0.0,0.0,0.0,0.0,0.0,0.0,0.0,0.0,1.0,3.0,1.0,2.0,0.0,2.0,7.0,1.0,13.0,1.0,4.0,2.0,4.0,2.0,8.0,4.0,8.0,14.0,16.0,6.0,17.0,11.0,23.0,16.0,10.0,0.0
Olinto Liparini Pereira,0.0,0.0,0.0,0.0,0.0,0.0,0.0,0.0,0.0,0.0,0.0,0.0,0.0,0.0,0.0,0.0,0.0,0.0,0.0,0.0,0.0,0.0,0.0,0.0,0.0,0.0,0.0,0.0,0.0,2.0,6.0,3.0,9.0,8.0,6.0,10.0,7.0,10.0,8.0,12.0,16.0,20.0,18.0,12.0,12.0,16.0,7.0,5.0,8.0,4.0,0.0
Ana Luisa Brandão de Carvalho Lira,0.0,0.0,0.0,0.0,0.0,0.0,0.0,0.0,0.0,0.0,0.0,0.0,0.0,0.0,0.0,0.0,0.0,0.0,0.0,0.0,0.0,0.0,0.0,0.0,0.0,0.0,0.0,0.0,0.0,0.0,1.0,1.0,4.0,2.0,1.0,2.0,1.0,3.0,3.0,10.0,13.0,25.0,16.0,23.0,15.0,13.0,4.0,6.0,10.0,8.0,0.0
Mário André Leocadio Miguel,0.0,0.0,0.0,0.0,0.0,0.0,0.0,0.0,0.0,0.0,0.0,0.0,0.0,0.0,0.0,0.0,0.0,0.0,0.0,0.0,0.0,0.0,0.0,0.0,0.0,0.0,0.0,0.0,0.0,0.0,0.0,0.0,0.0,0.0,0.0,0.0,0.0,0.0,0.0,2.0,2.0,1.0,0.0,4.0,3.0,2.0,2.0,0.0,6.0,0.0,0.0
Priscila Ribas de Farias Costa,0.0,0.0,0.0,0.0,0.0,0.0,0.0,0.0,0.0,0.0,0.0,0.0,0.0,0.0,0.0,0.0,0.0,0.0,0.0,0.0,0.0,0.0,0.0,0.0,0.0,0.0,0.0,0.0,0.0,0.0,0.0,0.0,0.0,0.0,0.0,0.0,1.0,0.0,0.0,1.0,1.0,2.0,2.0,2.0,6.0,2.0,1.0,6.0,9.0,10.0,0.0
Martha Viviana Torres Cely,0.0,0.0,0.0,0.0,0.0,0.0,0.0,0.0,0.0,0.0,0.0,0.0,0.0,0.0,0.0,0.0,0.0,0.0,0.0,0.0,0.0,0.0,0.0,0.0,0.0,0.0,0.0,0.0,0.0,0.0,0.0,0.0,0.0,1.0,1.0,0.0,0.0,0.0,0.0,0.0,0.0,3.0,2.0,4.0,0.0,0.0,3.0,1.0,2.0,0.0,0.0
Aldri Luiz dos Santos,0.0,0.0,0.0,0.0,0.0,0.0,0.0,0.0,0.0,0.0,0.0,0.0,0.0,0.0,0.0,0.0,0.0,0.0,0.0,0.0,0.0,0.0,0.0,0.0,0.0,0.0,0.0,0.0,0.0,0.0,0.0,1.0,1.0,2.0,1.0,2.0,4.0,3.0,2.0,3.0,0.0,2.0,5.0,3.0,2.0,2.0,4.0,5.0,4.0,1.0,0.0
Antonio Oseas de Carvalho Filho,0.0,0.0,0.0,0.0,0.0,0.0,0.0,0.0,0.0,0.0,0.0,0.0,0.0,0.0,0.0,0.0,0.0,0.0,0.0,0.0,0.0,0.0,0.0,0.0,0.0,0.0,0.0,0.0,0.0,0.0,0.0,0.0,0.0,0.0,0.0,0.0,0.0,0.0,0.0,0.0,1.0,2.0,1.0,6.0,4.0,6.0,1.0,4.0,6.0,0.0,0.0
Gabriela Cantarelli Lopes,0.0,0.0,0.0,0.0,0.0,0.0,0.0,0.0,0.0,0.0,0.0,0.0,0.0,0.0,0.0,0.0,0.0,0.0,0.0,0.0,0.0,0.0,0.0,0.0,0.0,0.0,0.0,0.0,0.0,0.0,0.0,0.0,0.0,0.0,0.0,0.0,0.0,0.0,3.0,2.0,2.0,0.0,0.0,4.0,1.0,4.0,2.0,2.0,2.0,2.0,0.0
Rafael Anzanello,0.0,0.0,0.0,0.0,0.0,0.0,0.0,0.0,0.0,0.0,0.0,0.0,0.0,0.0,0.0,0.0,0.0,0.0,0.0,0.0,0.0,0.0,0.0,0.0,0.0,0.0,0.0,0.0,0.0,0.0,0.0,0.0,0.0,0.0,0.0,1.0,0.0,1.0,2.0,2.0,0.0,5.0,3.0,3.0,2.0,2.0,3.0,7.0,4.0,3.0,0.0
Alex Sandro Campos Maia,0.0,0.0,0.0,0.0,0.0,0.0,0.0,0.0,0.0,0.0,0.0,0.0,0.0,0.0,0.0,0.0,0.0,0.0,0.0,0.0,0.0,0.0,0.0,0.0,0.0,0.0,0.0,0.0,0.0,0.0,1.0,0.0,6.0,1.0,1.0,2.0,2.0,1.0,1.0,1.0,2.0,5.0,1.0,4.0,3.0,2.0,5.0,1.0,3.0,0.0,0.0
André Luiz Martins Lemos,0.0,0.0,0.0,0.0,0.0,0.0,0.0,0.0,0.0,0.0,0.0,0.0,0.0,0.0,0.0,0.0,0.0,0.0,0.0,0.0,0.0,0.0,0.0,0.0,3.0,3.0,1.0,1.0,1.0,4.0,2.0,5.0,4.0,3.0,2.0,1.0,4.0,4.0,4.0,5.0,2.0,1.0,4.0,3.0,2.0,6.0,3.0,5.0,6.0,1.0,0.0
Heizir Ferreira de Castro,0.0,0.0,0.0,0.0,0.0,0.0,0.0,0.0,0.0,0.0,0.0,0.0,0.0,0.0,0.0,0.0,0.0,1.0,0.0,1.0,0.0,2.0,2.0,1.0,3.0,3.0,4.0,6.0,6.0,3.0,7.0,8.0,6.0,9.0,9.0,11.0,4.0,9.0,12.0,8.0,11.0,11.0,8.0,7.0,13.0,10.0,12.0,14.0,0.0,0.0,0.0
Marina Correa Cortes,0.0,0.0,0.0,0.0,0.0,0.0,0.0,0.0,0.0,0.0,0.0,0.0,0.0,0.0,0.0,0.0,0.0,0.0,0.0,0.0,0.0,0.0,0.0,0.0,0.0,0.0,0.0,0.0,0.0,0.0,0.0,0.0,0.0,0.0,0.0,0.0,3.0,0.0,0.0,2.0,4.0,0.0,1.0,0.0,1.0,0.0,2.0,3.0,1.0,1.0,0.0
Rodolfo Teixeira de Souza,0.0,0.0,0.0,0.0,0.0,0.0,0.0,0.0,0.0,0.0,0.0,0.0,0.0,0.0,0.0,0.0,0.0,0.0,0.0,0.0,0.0,0.0,0.0,0.0,0.0,0.0,0.0,0.0,0.0,0.0,0.0,0.0,0.0,0.0,0.0,1.0,1.0,3.0,4.0,0.0,3.0,0.0,3.0,1.0,4.0,4.0,4.0,1.0,2.0,1.0,0.0
Marcus Granato,0.0,0.0,0.0,0.0,0.0,0.0,0.0,0.0,0.0,1.0,0.0,0.0,0.0,0.0,0.0,0.0,0.0,1.0,0.0,1.0,1.0,0.0,1.0,1.0,0.0,1.0,0.0,0.0,1.0,0.0,0.0,2.0,2.0,2.0,3.0,2.0,2.0,0.0,4.0,3.0,4.0,2.0,1.0,1.0,3.0,6.0,1.0,4.0,1.0,1.0,0.0
Carlos Manuel Romero Luna,0.0,0.0,0.0,0.0,0.0,0.0,0.0,0.0,0.0,0.0,0.0,0.0,0.0,0.0,0.0,0.0,0.0,0.0,0.0,0.0,0.0,0.0,0.0,0.0,0.0,0.0,0.0,0.0,0.0,0.0,0.0,0.0,0.0,0.0,0.0,1.0,0.0,0.0,0.0,0.0,0.0,0.0,0.0,1.0,5.0,1.0,1.0,1.0,1.0,1.0,0.0
Ilana Nogueira Bezerra,0.0,0.0,0.0,0.0,0.0,0.0,0.0,0.0,0.0,0.0,0.0,0.0,0.0,0.0,0.0,0.0,0.0,0.0,0.0,0.0,0.0,0.0,0.0,0.0,0.0,0.0,0.0,0.0,0.0,0.0,0.0,0.0,0.0,0.0,0.0,0.0,1.0,1.0,2.0,2.0,6.0,1.0,3.0,2.0,6.0,4.0,5.0,3.0,9.0,6.0,0.0
Priscila Vanessa Zabala Capriles Goliatt,0.0,0.0,0.0,0.0,0.0,0.0,0.0,0.0,0.0,0.0,0.0,0.0,0.0,0.0,0.0,0.0,0.0,0.0,0.0,0.0,0.0,0.0,0.0,0.0,0.0,0.0,1.0,0.0,0.0,2.0,1.0,0.0,0.0,0.0,2.0,1.0,1.0,2.0,0.0,0.0,0.0,1.0,3.0,0.0,1.0,3.0,3.0,8.0,12.0,3.0,0.0
Adunias dos Santos Teixeira,0.0,0.0,0.0,0.0,0.0,0.0,0.0,0.0,0.0,0.0,0.0,0.0,0.0,0.0,0.0,0.0,0.0,0.0,0.0,0.0,0.0,1.0,0.0,0.0,2.0,0.0,0.0,2.0,0.0,1.0,0.0,4.0,7.0,1.0,5.0,6.0,3.0,7.0,3.0,0.0,2.0,1.0,6.0,1.0,2.0,3.0,2.0,4.0,6.0,6.0,0.0
Carla Aparecida Cielo,0.0,0.0,0.0,0.0,0.0,0.0,0.0,0.0,0.0,0.0,0.0,0.0,0.0,0.0,0.0,0.0,0.0,0.0,0.0,0.0,0.0,0.0,0.0,0.0,0.0,3.0,1.0,2.0,0.0,5.0,2.0,2.0,6.0,1.0,5.0,10.0,10.0,18.0,15.0,9.0,7.0,8.0,13.0,16.0,7.0,3.0,6.0,14.0,9.0,1.0,0.0
Solange Muglia Wechsler,0.0,0.0,0.0,0.0,0.0,0.0,0.0,0.0,0.0,1.0,0.0,1.0,2.0,2.0,2.0,2.0,1.0,2.0,1.0,1.0,1.0,3.0,2.0,1.0,1.0,3.0,0.0,2.0,2.0,7.0,2.0,4.0,1.0,8.0,4.0,4.0,6.0,5.0,4.0,6.0,8.0,15.0,8.0,11.0,4.0,16.0,6.0,11.0,5.0,3.0,0.0
Roger Walz,0.0,0.0,0.0,0.0,0.0,0.0,0.0,0.0,0.0,0.0,0.0,0.0,0.0,0.0,0.0,0.0,0.0,1.0,5.0,3.0,8.0,6.0,4.0,1.0,13.0,6.0,14.0,29.0,16.0,13.0,9.0,13.0,18.0,7.0,3.0,4.0,6.0,4.0,10.0,14.0,9.0,14.0,11.0,10.0,11.0,14.0,10.0,8.0,15.0,2.0,0.0
Nelo Eidy Zanchi,0.0,0.0,0.0,0.0,0.0,0.0,0.0,0.0,0.0,0.0,0.0,0.0,0.0,0.0,0.0,0.0,0.0,0.0,0.0,0.0,0.0,0.0,0.0,0.0,0.0,0.0,0.0,0.0,0.0,0.0,0.0,0.0,0.0,1.0,0.0,3.0,9.0,6.0,5.0,6.0,4.0,4.0,1.0,3.0,4.0,6.0,3.0,3.0,4.0,1.0,0.0
Ivana Bentes Oliveira,0.0,0.0,0.0,0.0,0.0,0.0,0.0,0.0,0.0,0.0,0.0,0.0,0.0,0.0,0.0,0.0,0.0,0.0,0.0,0.0,3.0,0.0,0.0,6.0,3.0,4.0,7.0,3.0,2.0,2.0,2.0,0.0,0.0,0.0,0.0,1.0,1.0,0.0,2.0,0.0,2.0,1.0,0.0,8.0,14.0,3.0,0.0,0.0,0.0,0.0,0.0
Abadia dos Reis Nascimento,0.0,0.0,0.0,0.0,0.0,0.0,0.0,0.0,0.0,0.0,0.0,0.0,0.0,0.0,0.0,0.0,0.0,0.0,0.0,0.0,0.0,0.0,0.0,0.0,0.0,0.0,0.0,0.0,0.0,0.0,0.0,0.0,0.0,0.0,0.0,1.0,1.0,0.0,0.0,1.0,4.0,2.0,5.0,7.0,7.0,7.0,3.0,12.0,5.0,5.0,0.0
Jose Eduardo Krieger,0.0,0.0,0.0,0.0,0.0,0.0,0.0,0.0,0.0,0.0,0.0,0.0,1.0,0.0,0.0,0.0,1.0,4.0,4.0,4.0,2.0,4.0,2.0,1.0,2.0,2.0,4.0,10.0,11.0,1.0,12.0,10.0,14.0,19.0,15.0,21.0,26.0,26.0,26.0,27.0,19.0,20.0,20.0,14.0,19.0,21.0,19.0,28.0,18.0,3.0,0.0
Ana Cláudia Franco,0.0,0.0,0.0,0.0,0.0,0.0,0.0,0.0,0.0,0.0,0.0,0.0,0.0,0.0,0.0,0.0,0.0,0.0,0.0,0.0,0.0,0.0,0.0,0.0,0.0,0.0,1.0,0.0,0.0,5.0,3.0,1.0,9.0,2.0,3.0,3.0,6.0,4.0,6.0,4.0,6.0,7.0,9.0,11.0,3.0,1.0,3.0,5.0,2.0,3.0,0.0
Barbara Cristina Euzebio Pereira Dias de Oliveira,0.0,0.0,0.0,0.0,0.0,0.0,0.0,0.0,0.0,0.0,0.0,0.0,0.0,0.0,0.0,0.0,0.0,0.0,0.0,0.0,0.0,0.0,0.0,0.0,0.0,0.0,0.0,0.0,0.0,1.0,1.0,1.0,0.0,1.0,0.0,0.0,1.0,0.0,0.0,0.0,0.0,1.0,1.0,1.0,0.0,0.0,1.0,1.0,0.0,0.0,0.0
Tiago Antônio de Oliveira Mendes,0.0,0.0,0.0,0.0,0.0,0.0,0.0,0.0,0.0,0.0,0.0,0.0,0.0,0.0,0.0,0.0,0.0,0.0,0.0,0.0,0.0,0.0,0.0,0.0,0.0,0.0,0.0,0.0,0.0,0.0,0.0,0.0,0.0,0.0,0.0,0.0,0.0,0.0,1.0,1.0,5.0,8.0,7.0,3.0,7.0,10.0,14.0,20.0,22.0,13.0,0.0
Cláudia Lúcia de Moraes Forjaz,0.0,0.0,0.0,0.0,0.0,0.0,0.0,0.0,0.0,0.0,0.0,0.0,0.0,0.0,0.0,0.0,0.0,0.0,0.0,0.0,1.0,1.0,2.0,0.0,1.0,7.0,4.0,6.0,3.0,2.0,1.0,8.0,14.0,19.0,4.0,5.0,7.0,12.0,19.0,7.0,14.0,11.0,16.0,11.0,13.0,15.0,8.0,13.0,11.0,1.0,0.0
Aline do Monte Gurgel,0.0,0.0,0.0,0.0,0.0,0.0,0.0,0.0,0.0,0.0,0.0,0.0,0.0,0.0,0.0,0.0,0.0,0.0,0.0,0.0,0.0,0.0,0.0,0.0,0.0,0.0,0.0,0.0,0.0,0.0,0.0,0.0,0.0,0.0,0.0,0.0,3.0,1.0,0.0,1.0,1.0,0.0,2.0,5.0,1.0,2.0,0.0,3.0,6.0,4.0,0.0
Thiago de Oliveira Carnevali,0.0,0.0,0.0,0.0,0.0,0.0,0.0,0.0,0.0,0.0,0.0,0.0,0.0,0.0,0.0,0.0,0.0,0.0,0.0,0.0,0.0,0.0,0.0,0.0,0.0,0.0,0.0,0.0,0.0,0.0,0.0,0.0,0.0,0.0,0.0,0.0,0.0,1.0,3.0,4.0,1.0,6.0,3.0,6.0,4.0,2.0,6.0,10.0,0.0,0.0,0.0
Ana Paula Dalla Corte,0.0,0.0,0.0,0.0,0.0,0.0,0.0,0.0,0.0,0.0,0.0,0.0,0.0,0.0,0.0,0.0,0.0,0.0,0.0,0.0,0.0,0.0,0.0,0.0,0.0,0.0,0.0,0.0,1.0,1.0,1.0,3.0,7.0,2.0,3.0,1.0,1.0,1.0,8.0,6.0,15.0,30.0,40.0,23.0,29.0,31.0,26.0,23.0,27.0,8.0,0.0
Andrea de Souza Monteiro,0.0,0.0,0.0,0.0,0.0,0.0,0.0,0.0,0.0,0.0,0.0,0.0,0.0,0.0,0.0,0.0,0.0,0.0,0.0,0.0,0.0,0.0,0.0,0.0,0.0,0.0,0.0,0.0,0.0,0.0,2.0,0.0,0.0,0.0,0.0,0.0,3.0,1.0,1.0,1.0,4.0,2.0,0.0,7.0,7.0,1.0,6.0,3.0,3.0,2.0,0.0
Benedito Gonçalves Eugênio,0.0,0.0,0.0,0.0,0.0,0.0,0.0,0.0,0.0,0.0,0.0,0.0,0.0,0.0,0.0,0.0,0.0,0.0,0.0,0.0,0.0,0.0,0.0,0.0,0.0,0.0,0.0,0.0,0.0,0.0,0.0,0.0,0.0,1.0,2.0,4.0,0.0,2.0,3.0,0.0,4.0,2.0,5.0,14.0,13.0,8.0,15.0,12.0,16.0,4.0,0.0
Enrique Vetterli Nuesch,0.0,0.0,0.0,0.0,0.0,0.0,0.0,0.0,0.0,0.0,0.0,0.0,0.0,0.0,0.0,0.0,0.0,0.0,0.0,0.0,0.0,0.0,0.0,0.0,0.0,0.0,0.0,0.0,0.0,0.0,0.0,1.0,0.0,0.0,0.0,2.0,0.0,0.0,0.0,2.0,1.0,0.0,2.0,1.0,2.0,0.0,0.0,0.0,3.0,0.0,0.0
Amauri Bogo,0.0,0.0,0.0,0.0,0.0,0.0,0.0,0.0,0.0,0.0,0.0,0.0,0.0,0.0,0.0,0.0,0.0,0.0,1.0,1.0,1.0,0.0,0.0,0.0,6.0,1.0,2.0,3.0,1.0,3.0,2.0,2.0,2.0,5.0,5.0,5.0,4.0,5.0,5.0,7.0,5.0,6.0,6.0,7.0,5.0,6.0,6.0,8.0,6.0,3.0,0.0
Eduardo Augusto Caldas Batista,0.0,0.0,0.0,0.0,0.0,0.0,0.0,0.0,0.0,0.0,0.0,0.0,0.0,0.0,0.0,0.0,0.0,0.0,0.0,0.0,0.0,0.0,0.0,0.0,1.0,1.0,2.0,3.0,1.0,1.0,1.0,0.0,1.0,0.0,2.0,2.0,3.0,7.0,1.0,4.0,10.0,4.0,6.0,4.0,7.0,8.0,7.0,7.0,3.0,4.0,0.0
Aroldo Leal de Andrade,0.0,0.0,0.0,0.0,0.0,0.0,0.0,0.0,0.0,0.0,0.0,0.0,0.0,0.0,0.0,0.0,0.0,0.0,0.0,0.0,0.0,0.0,0.0,0.0,0.0,0.0,0.0,0.0,0.0,0.0,1.0,0.0,0.0,0.0,1.0,0.0,1.0,1.0,0.0,0.0,1.0,2.0,4.0,2.0,1.0,4.0,3.0,2.0,1.0,0.0,0.0
Carlos Emilio Levy,0.0,0.0,0.0,0.0,0.0,0.0,0.0,0.0,1.0,0.0,0.0,2.0,0.0,3.0,2.0,1.0,3.0,2.0,2.0,2.0,2.0,4.0,3.0,3.0,2.0,4.0,3.0,3.0,3.0,1.0,3.0,1.0,0.0,1.0,0.0,0.0,2.0,3.0,7.0,3.0,7.0,6.0,4.0,3.0,10.0,6.0,7.0,9.0,1.0,5.0,0.0
Roberto Nardi,0.0,0.0,0.0,0.0,0.0,0.0,0.0,1.0,0.0,0.0,1.0,3.0,1.0,1.0,0.0,0.0,0.0,4.0,0.0,1.0,0.0,3.0,0.0,1.0,0.0,2.0,0.0,0.0,4.0,2.0,5.0,12.0,7.0,8.0,10.0,21.0,11.0,12.0,6.0,12.0,8.0,10.0,2.0,6.0,4.0,7.0,7.0,13.0,14.0,1.0,0.0
Sergio Santos de Azevedo,0.0,0.0,0.0,0.0,0.0,0.0,0.0,0.0,0.0,0.0,0.0,0.0,0.0,0.0,0.0,0.0,0.0,0.0,0.0,0.0,0.0,0.0,0.0,0.0,0.0,0.0,0.0,1.0,0.0,1.0,6.0,9.0,2.0,3.0,6.0,11.0,16.0,17.0,13.0,19.0,27.0,19.0,16.0,22.0,24.0,26.0,17.0,22.0,18.0,9.0,0.0
Patricia Peterle Figueiredo Santurbano,0.0,0.0,0.0,0.0,0.0,0.0,0.0,0.0,0.0,0.0,0.0,0.0,0.0,0.0,0.0,0.0,0.0,0.0,0.0,0.0,0.0,0.0,0.0,0.0,0.0,0.0,0.0,0.0,0.0,0.0,0.0,0.0,5.0,3.0,2.0,1.0,14.0,7.0,6.0,5.0,5.0,3.0,16.0,18.0,7.0,4.0,1.0,16.0,4.0,4.0,0.0
Mônica Corrêa Ledur,0.0,0.0,0.0,0.0,0.0,0.0,0.0,0.0,0.0,0.0,0.0,0.0,0.0,0.0,0.0,1.0,0.0,0.0,0.0,2.0,3.0,2.0,0.0,0.0,2.0,2.0,1.0,4.0,1.0,1.0,6.0,2.0,3.0,3.0,2.0,3.0,7.0,4.0,6.0,3.0,4.0,6.0,9.0,6.0,3.0,8.0,9.0,9.0,10.0,1.0,0.0
Ana Maria Benko Iseppon,0.0,0.0,0.0,0.0,0.0,0.0,0.0,0.0,0.0,0.0,0.0,0.0,0.0,0.0,0.0,0.0,0.0,0.0,0.0,0.0,2.0,0.0,0.0,0.0,1.0,0.0,0.0,5.0,0.0,1.0,2.0,1.0,3.0,0.0,9.0,0.0,4.0,10.0,6.0,9.0,8.0,6.0,9.0,5.0,17.0,14.0,6.0,15.0,20.0,4.0,0.0
Carlos Augusto Rosa,0.0,0.0,0.0,0.0,0.0,0.0,0.0,0.0,0.0,0.0,0.0,0.0,0.0,0.0,0.0,0.0,0.0,2.0,1.0,3.0,1.0,2.0,4.0,4.0,2.0,5.0,6.0,5.0,5.0,7.0,4.0,8.0,14.0,10.0,6.0,13.0,25.0,17.0,15.0,20.0,23.0,28.0,26.0,20.0,26.0,23.0,15.0,27.0,27.0,9.0,0.0
Marcia Edilaine Lopes Consolaro,0.0,0.0,0.0,0.0,0.0,0.0,0.0,0.0,0.0,0.0,0.0,0.0,0.0,0.0,0.0,0.0,0.0,0.0,0.0,0.0,0.0,0.0,1.0,2.0,1.0,0.0,2.0,0.0,2.0,1.0,1.0,1.0,4.0,5.0,5.0,3.0,3.0,6.0,6.0,7.0,5.0,9.0,9.0,10.0,11.0,9.0,6.0,6.0,7.0,3.0,0.0
Lucy Seldin,0.0,0.0,0.0,0.0,0.0,0.0,0.0,0.0,0.0,0.0,1.0,2.0,1.0,2.0,0.0,0.0,0.0,1.0,0.0,2.0,4.0,2.0,0.0,2.0,4.0,5.0,5.0,3.0,1.0,5.0,4.0,3.0,3.0,8.0,5.0,12.0,4.0,2.0,6.0,8.0,8.0,9.0,4.0,7.0,4.0,7.0,6.0,7.0,10.0,5.0,0.0
Ricardo Luiz Cavalcanti de Albuquerque Junior,0.0,0.0,0.0,0.0,0.0,0.0,0.0,0.0,0.0,0.0,0.0,0.0,0.0,0.0,0.0,0.0,0.0,0.0,0.0,0.0,0.0,0.0,0.0,0.0,2.0,4.0,3.0,0.0,3.0,0.0,1.0,0.0,4.0,0.0,1.0,2.0,4.0,12.0,21.0,11.0,17.0,14.0,11.0,14.0,15.0,20.0,10.0,23.0,16.0,10.0,0.0
Pedro Dal Lago,0.0,0.0,0.0,0.0,0.0,0.0,0.0,0.0,0.0,0.0,0.0,0.0,0.0,0.0,0.0,0.0,0.0,0.0,0.0,0.0,0.0,0.0,0.0,0.0,1.0,0.0,2.0,3.0,1.0,2.0,0.0,2.0,1.0,1.0,2.0,6.0,2.0,4.0,4.0,7.0,4.0,9.0,9.0,6.0,14.0,9.0,9.0,9.0,9.0,1.0,0.0
